Depth [m],TIME,Temperature [degrees_C],LAT,LON,STATION
0.49402499198913574,2005-07-28 12:00:00,9.643211575740855,53.233000000000004,-55.65,SI-01
1.5413750410079956,2005-07-28 12:00:00,9.589724714616272,53.233000000000004,-55.65,SI-01
2.6456689834594727,2005-07-28 12:00:00,9.508474836836424,53.233000000000004,-55.65,SI-01
3.8194949626922607,2005-07-28 12:00:00,9.415524200609948,53.233000000000004,-55.65,SI-01
5.078224182128906,2005-07-28 12:00:00,9.289245349775452,53.233000000000004,-55.65,SI-01
6.440614223480225,2005-07-28 12:00:00,9.061196820142502,53.233000000000004,-55.65,SI-01
7.92956018447876,2005-07-28 12:00:00,8.610970055371725,53.233000000000004,-55.65,SI-01
9.572997093200684,2005-07-28 12:00:00,7.914412393861747,53.233000000000004,-55.65,SI-01
11.404999732971191,2005-07-28 12:00:00,7.072165572774921,53.233000000000004,-55.65,SI-01
13.467140197753906,2005-07-28 12:00:00,6.202896376376889,53.233000000000004,-55.65,SI-01
15.810070037841797,2005-07-28 12:00:00,5.347784854776604,53.233000000000004,-55.65,SI-01
18.495559692382812,2005-07-28 12:00:00,4.52051091475431,53.233000000000004,-55.65,SI-01
21.598819732666016,2005-07-28 12:00:00,3.871191609949874,53.233000000000004,-55.65,SI-01
25.211410522460938,2005-07-28 12:00:00,2.838492665816326,53.233000000000004,-55.65,SI-01
29.444730758666992,2005-07-28 12:00:00,1.6895811597135448,53.233000000000004,-55.65,SI-01
34.43415069580078,2005-07-28 12:00:00,0.7459372404377622,53.233000000000004,-55.65,SI-01
40.344051361083984,2005-07-28 12:00:00,0.23107637509532294,53.233000000000004,-55.65,SI-01
47.37369155883789,2005-07-28 12:00:00,-0.10622326412496252,53.233000000000004,-55.65,SI-01
55.76428985595703,2005-07-28 12:00:00,-0.4524316939790398,53.233000000000004,-55.65,SI-01
65.80726623535156,2005-07-28 12:00:00,nan,53.233000000000004,-55.65,SI-01
77.85385131835938,2005-07-28 12:00:00,nan,53.233000000000004,-55.65,SI-01
92.3260726928711,2005-07-28 12:00:00,nan,53.233000000000004,-55.65,SI-01
109.72930145263672,2005-07-28 12:00:00,nan,53.233000000000004,-55.65,SI-01
130.66600036621094,2005-07-28 12:00:00,nan,53.233000000000004,-55.65,SI-01
155.85069274902344,2005-07-28 12:00:00,nan,53.233000000000004,-55.65,SI-01
186.12559509277344,2005-07-28 12:00:00,nan,53.233000000000004,-55.65,SI-01
222.47520446777344,2005-07-28 12:00:00,nan,53.233000000000004,-55.65,SI-01
266.0403137207031,2005-07-28 12:00:00,nan,53.233000000000004,-55.65,SI-01
318.1274108886719,2005-07-28 12:00:00,nan,53.233000000000004,-55.65,SI-01
380.2130126953125,2005-07-28 12:00:00,nan,53.233000000000004,-55.65,SI-01
453.9377136230469,2005-07-28 12:00:00,nan,53.233000000000004,-55.65,SI-01
541.0889282226562,2005-07-28 12:00:00,nan,53.233000000000004,-55.65,SI-01
643.5667724609375,2005-07-28 12:00:00,nan,53.233000000000004,-55.65,SI-01
763.3331298828125,2005-07-28 12:00:00,nan,53.233000000000004,-55.65,SI-01
902.3392944335938,2005-07-28 12:00:00,nan,53.233000000000004,-55.65,SI-01
1062.43994140625,2005-07-28 12:00:00,nan,53.233000000000004,-55.65,SI-01
1245.291015625,2005-07-28 12:00:00,nan,53.233000000000004,-55.65,SI-01
1452.2509765625,2005-07-28 12:00:00,nan,53.233000000000004,-55.65,SI-01
1684.2840576171875,2005-07-28 12:00:00,nan,53.233000000000004,-55.65,SI-01
1941.8929443359375,2005-07-28 12:00:00,nan,53.233000000000004,-55.65,SI-01
2225.077880859375,2005-07-28 12:00:00,nan,53.233000000000004,-55.65,SI-01
2533.3359375,2005-07-28 12:00:00,nan,53.233000000000004,-55.65,SI-01
2865.702880859375,2005-07-28 12:00:00,nan,53.233000000000004,-55.65,SI-01
3220.820068359375,2005-07-28 12:00:00,nan,53.233000000000004,-55.65,SI-01
3597.031982421875,2005-07-28 12:00:00,nan,53.233000000000004,-55.65,SI-01
3992.48388671875,2005-07-28 12:00:00,nan,53.233000000000004,-55.65,SI-01
4405.22412109375,2005-07-28 12:00:00,nan,53.233000000000004,-55.65,SI-01
4833.291015625,2005-07-28 12:00:00,nan,53.233000000000004,-55.65,SI-01
5274.7841796875,2005-07-28 12:00:00,nan,53.233000000000004,-55.65,SI-01
5727.9169921875,2005-07-28 12:00:00,nan,53.233000000000004,-55.65,SI-01
0.49402499198913574,2005-07-28 12:00:00,9.336666332358204,53.333,-55.5,SI-02
1.5413750410079956,2005-07-28 12:00:00,9.279535518759573,53.333,-55.5,SI-02
2.6456689834594727,2005-07-28 12:00:00,9.183588310667787,53.333,-55.5,SI-02
3.8194949626922607,2005-07-28 12:00:00,9.076653820776684,53.333,-55.5,SI-02
5.078224182128906,2005-07-28 12:00:00,8.933106992804069,53.333,-55.5,SI-02
6.440614223480225,2005-07-28 12:00:00,8.682611082159537,53.333,-55.5,SI-02
7.92956018447876,2005-07-28 12:00:00,8.131062732809866,53.333,-55.5,SI-02
9.572997093200684,2005-07-28 12:00:00,7.340043695845094,53.333,-55.5,SI-02
11.404999732971191,2005-07-28 12:00:00,6.405546926381502,53.333,-55.5,SI-02
13.467140197753906,2005-07-28 12:00:00,5.420566596561573,53.333,-55.5,SI-02
15.810070037841797,2005-07-28 12:00:00,4.428995415940553,53.333,-55.5,SI-02
18.495559692382812,2005-07-28 12:00:00,3.4182956747664965,53.333,-55.5,SI-02
21.598819732666016,2005-07-28 12:00:00,2.4024612436068886,53.333,-55.5,SI-02
25.211410522460938,2005-07-28 12:00:00,1.4262018306872788,53.333,-55.5,SI-02
29.444730758666992,2005-07-28 12:00:00,0.5935486356714755,53.333,-55.5,SI-02
34.43415069580078,2005-07-28 12:00:00,-0.05184502242444389,53.333,-55.5,SI-02
40.344051361083984,2005-07-28 12:00:00,-0.4908184061956259,53.333,-55.5,SI-02
47.37369155883789,2005-07-28 12:00:00,-0.7100634351846021,53.333,-55.5,SI-02
55.76428985595703,2005-07-28 12:00:00,-0.7943774850794247,53.333,-55.5,SI-02
65.80726623535156,2005-07-28 12:00:00,-0.8662121887451498,53.333,-55.5,SI-02
77.85385131835938,2005-07-28 12:00:00,-0.944752520576629,53.333,-55.5,SI-02
92.3260726928711,2005-07-28 12:00:00,-1.081631669214012,53.333,-55.5,SI-02
109.72930145263672,2005-07-28 12:00:00,nan,53.333,-55.5,SI-02
130.66600036621094,2005-07-28 12:00:00,nan,53.333,-55.5,SI-02
155.85069274902344,2005-07-28 12:00:00,nan,53.333,-55.5,SI-02
186.12559509277344,2005-07-28 12:00:00,nan,53.333,-55.5,SI-02
222.47520446777344,2005-07-28 12:00:00,nan,53.333,-55.5,SI-02
266.0403137207031,2005-07-28 12:00:00,nan,53.333,-55.5,SI-02
318.1274108886719,2005-07-28 12:00:00,nan,53.333,-55.5,SI-02
380.2130126953125,2005-07-28 12:00:00,nan,53.333,-55.5,SI-02
453.9377136230469,2005-07-28 12:00:00,nan,53.333,-55.5,SI-02
541.0889282226562,2005-07-28 12:00:00,nan,53.333,-55.5,SI-02
643.5667724609375,2005-07-28 12:00:00,nan,53.333,-55.5,SI-02
763.3331298828125,2005-07-28 12:00:00,nan,53.333,-55.5,SI-02
902.3392944335938,2005-07-28 12:00:00,nan,53.333,-55.5,SI-02
1062.43994140625,2005-07-28 12:00:00,nan,53.333,-55.5,SI-02
1245.291015625,2005-07-28 12:00:00,nan,53.333,-55.5,SI-02
1452.2509765625,2005-07-28 12:00:00,nan,53.333,-55.5,SI-02
1684.2840576171875,2005-07-28 12:00:00,nan,53.333,-55.5,SI-02
1941.8929443359375,2005-07-28 12:00:00,nan,53.333,-55.5,SI-02
2225.077880859375,2005-07-28 12:00:00,nan,53.333,-55.5,SI-02
2533.3359375,2005-07-28 12:00:00,nan,53.333,-55.5,SI-02
2865.702880859375,2005-07-28 12:00:00,nan,53.333,-55.5,SI-02
3220.820068359375,2005-07-28 12:00:00,nan,53.333,-55.5,SI-02
3597.031982421875,2005-07-28 12:00:00,nan,53.333,-55.5,SI-02
3992.48388671875,2005-07-28 12:00:00,nan,53.333,-55.5,SI-02
4405.22412109375,2005-07-28 12:00:00,nan,53.333,-55.5,SI-02
4833.291015625,2005-07-28 12:00:00,nan,53.333,-55.5,SI-02
5274.7841796875,2005-07-28 12:00:00,nan,53.333,-55.5,SI-02
5727.9169921875,2005-07-28 12:00:00,nan,53.333,-55.5,SI-02
0.49402499198913574,2005-07-28 12:00:00,8.439033640585288,53.41,-55.357,SI-03
1.5413750410079956,2005-07-28 12:00:00,8.37580230220708,53.41,-55.357,SI-03
2.6456689834594727,2005-07-28 12:00:00,8.255322015606511,53.41,-55.357,SI-03
3.8194949626922607,2005-07-28 12:00:00,8.134073295642349,53.41,-55.357,SI-03
5.078224182128906,2005-07-28 12:00:00,7.981732280069767,53.41,-55.357,SI-03
6.440614223480225,2005-07-28 12:00:00,7.715395507727566,53.41,-55.357,SI-03
7.92956018447876,2005-07-28 12:00:00,7.283431252869961,53.41,-55.357,SI-03
9.572997093200684,2005-07-28 12:00:00,6.7784121893981,53.41,-55.357,SI-03
11.404999732971191,2005-07-28 12:00:00,6.257744290343823,53.41,-55.357,SI-03
13.467140197753906,2005-07-28 12:00:00,5.66107754713016,53.41,-55.357,SI-03
15.810070037841797,2005-07-28 12:00:00,4.943199067987093,53.41,-55.357,SI-03
18.495559692382812,2005-07-28 12:00:00,4.038426038230282,53.41,-55.357,SI-03
21.598819732666016,2005-07-28 12:00:00,2.9435902781371555,53.41,-55.357,SI-03
25.211410522460938,2005-07-28 12:00:00,1.8914202486983733,53.41,-55.357,SI-03
29.444730758666992,2005-07-28 12:00:00,0.991285643326112,53.41,-55.357,SI-03
34.43415069580078,2005-07-28 12:00:00,0.2853574604150646,53.41,-55.357,SI-03
40.344051361083984,2005-07-28 12:00:00,-0.19724802988239676,53.41,-55.357,SI-03
47.37369155883789,2005-07-28 12:00:00,-0.47947520336301047,53.41,-55.357,SI-03
55.76428985595703,2005-07-28 12:00:00,-0.6566166277107977,53.41,-55.357,SI-03
65.80726623535156,2005-07-28 12:00:00,-0.7845668721154542,53.41,-55.357,SI-03
77.85385131835938,2005-07-28 12:00:00,-0.8745721384106111,53.41,-55.357,SI-03
92.3260726928711,2005-07-28 12:00:00,-0.8499304418123771,53.41,-55.357,SI-03
109.72930145263672,2005-07-28 12:00:00,-0.678847743138681,53.41,-55.357,SI-03
130.66600036621094,2005-07-28 12:00:00,-0.3218363486083804,53.41,-55.357,SI-03
155.85069274902344,2005-07-28 12:00:00,nan,53.41,-55.357,SI-03
186.12559509277344,2005-07-28 12:00:00,nan,53.41,-55.357,SI-03
222.47520446777344,2005-07-28 12:00:00,nan,53.41,-55.357,SI-03
266.0403137207031,2005-07-28 12:00:00,nan,53.41,-55.357,SI-03
318.1274108886719,2005-07-28 12:00:00,nan,53.41,-55.357,SI-03
380.2130126953125,2005-07-28 12:00:00,nan,53.41,-55.357,SI-03
453.9377136230469,2005-07-28 12:00:00,nan,53.41,-55.357,SI-03
541.0889282226562,2005-07-28 12:00:00,nan,53.41,-55.357,SI-03
643.5667724609375,2005-07-28 12:00:00,nan,53.41,-55.357,SI-03
763.3331298828125,2005-07-28 12:00:00,nan,53.41,-55.357,SI-03
902.3392944335938,2005-07-28 12:00:00,nan,53.41,-55.357,SI-03
1062.43994140625,2005-07-28 12:00:00,nan,53.41,-55.357,SI-03
1245.291015625,2005-07-28 12:00:00,nan,53.41,-55.357,SI-03
1452.2509765625,2005-07-28 12:00:00,nan,53.41,-55.357,SI-03
1684.2840576171875,2005-07-28 12:00:00,nan,53.41,-55.357,SI-03
1941.8929443359375,2005-07-28 12:00:00,nan,53.41,-55.357,SI-03
2225.077880859375,2005-07-28 12:00:00,nan,53.41,-55.357,SI-03
2533.3359375,2005-07-28 12:00:00,nan,53.41,-55.357,SI-03
2865.702880859375,2005-07-28 12:00:00,nan,53.41,-55.357,SI-03
3220.820068359375,2005-07-28 12:00:00,nan,53.41,-55.357,SI-03
3597.031982421875,2005-07-28 12:00:00,nan,53.41,-55.357,SI-03
3992.48388671875,2005-07-28 12:00:00,nan,53.41,-55.357,SI-03
4405.22412109375,2005-07-28 12:00:00,nan,53.41,-55.357,SI-03
4833.291015625,2005-07-28 12:00:00,nan,53.41,-55.357,SI-03
5274.7841796875,2005-07-28 12:00:00,nan,53.41,-55.357,SI-03
5727.9169921875,2005-07-28 12:00:00,nan,53.41,-55.357,SI-03
0.49402499198913574,2005-07-28 12:00:00,8.25892968538625,53.533,-55.145,SI-04
1.5413750410079956,2005-07-28 12:00:00,8.193583409354176,53.533,-55.145,SI-04
2.6456689834594727,2005-07-28 12:00:00,8.07941334278305,53.533,-55.145,SI-04
3.8194949626922607,2005-07-28 12:00:00,8.00901150803115,53.533,-55.145,SI-04
5.078224182128906,2005-07-28 12:00:00,7.957719183412348,53.533,-55.145,SI-04
6.440614223480225,2005-07-28 12:00:00,7.911626051157204,53.533,-55.145,SI-04
7.92956018447876,2005-07-28 12:00:00,7.854161715314709,53.533,-55.145,SI-04
9.572997093200684,2005-07-28 12:00:00,7.757586976339892,53.533,-55.145,SI-04
11.404999732971191,2005-07-28 12:00:00,7.591908700211134,53.533,-55.145,SI-04
13.467140197753906,2005-07-28 12:00:00,7.291594168900534,53.533,-55.145,SI-04
15.810070037841797,2005-07-28 12:00:00,6.737311769661217,53.533,-55.145,SI-04
18.495559692382812,2005-07-28 12:00:00,5.874240351797165,53.533,-55.145,SI-04
21.598819732666016,2005-07-28 12:00:00,4.80619368138871,53.533,-55.145,SI-04
25.211410522460938,2005-07-28 12:00:00,3.70335037242618,53.533,-55.145,SI-04
29.444730758666992,2005-07-28 12:00:00,2.6320959461021816,53.533,-55.145,SI-04
34.43415069580078,2005-07-28 12:00:00,1.6793985992281588,53.533,-55.145,SI-04
40.344051361083984,2005-07-28 12:00:00,0.9234534590089044,53.533,-55.145,SI-04
47.37369155883789,2005-07-28 12:00:00,0.3709747799782485,53.533,-55.145,SI-04
55.76428985595703,2005-07-28 12:00:00,-0.04251697877293783,53.533,-55.145,SI-04
65.80726623535156,2005-07-28 12:00:00,-0.3050804772281101,53.533,-55.145,SI-04
77.85385131835938,2005-07-28 12:00:00,-0.368288331151324,53.533,-55.145,SI-04
92.3260726928711,2005-07-28 12:00:00,-0.17766738961997175,53.533,-55.145,SI-04
109.72930145263672,2005-07-28 12:00:00,0.16938580373654552,53.533,-55.145,SI-04
130.66600036621094,2005-07-28 12:00:00,0.547131196083651,53.533,-55.145,SI-04
155.85069274902344,2005-07-28 12:00:00,0.7192644221943243,53.533,-55.145,SI-04
186.12559509277344,2005-07-28 12:00:00,0.8938097338855624,53.533,-55.145,SI-04
222.47520446777344,2005-07-28 12:00:00,nan,53.533,-55.145,SI-04
266.0403137207031,2005-07-28 12:00:00,nan,53.533,-55.145,SI-04
318.1274108886719,2005-07-28 12:00:00,nan,53.533,-55.145,SI-04
380.2130126953125,2005-07-28 12:00:00,nan,53.533,-55.145,SI-04
453.9377136230469,2005-07-28 12:00:00,nan,53.533,-55.145,SI-04
541.0889282226562,2005-07-28 12:00:00,nan,53.533,-55.145,SI-04
643.5667724609375,2005-07-28 12:00:00,nan,53.533,-55.145,SI-04
763.3331298828125,2005-07-28 12:00:00,nan,53.533,-55.145,SI-04
902.3392944335938,2005-07-28 12:00:00,nan,53.533,-55.145,SI-04
1062.43994140625,2005-07-28 12:00:00,nan,53.533,-55.145,SI-04
1245.291015625,2005-07-28 12:00:00,nan,53.533,-55.145,SI-04
1452.2509765625,2005-07-28 12:00:00,nan,53.533,-55.145,SI-04
1684.2840576171875,2005-07-28 12:00:00,nan,53.533,-55.145,SI-04
1941.8929443359375,2005-07-28 12:00:00,nan,53.533,-55.145,SI-04
2225.077880859375,2005-07-28 12:00:00,nan,53.533,-55.145,SI-04
2533.3359375,2005-07-28 12:00:00,nan,53.533,-55.145,SI-04
2865.702880859375,2005-07-28 12:00:00,nan,53.533,-55.145,SI-04
3220.820068359375,2005-07-28 12:00:00,nan,53.533,-55.145,SI-04
3597.031982421875,2005-07-28 12:00:00,nan,53.533,-55.145,SI-04
3992.48388671875,2005-07-28 12:00:00,nan,53.533,-55.145,SI-04
4405.22412109375,2005-07-28 12:00:00,nan,53.533,-55.145,SI-04
4833.291015625,2005-07-28 12:00:00,nan,53.533,-55.145,SI-04
5274.7841796875,2005-07-28 12:00:00,nan,53.533,-55.145,SI-04
5727.9169921875,2005-07-28 12:00:00,nan,53.533,-55.145,SI-04
0.49402499198913574,2005-07-28 12:00:00,8.215835060597046,53.617,-55.0,SI-05
1.5413750410079956,2005-07-28 12:00:00,8.154309715748411,53.617,-55.0,SI-05
2.6456689834594727,2005-07-28 12:00:00,8.062458788154359,53.617,-55.0,SI-05
3.8194949626922607,2005-07-28 12:00:00,8.003567230222526,53.617,-55.0,SI-05
5.078224182128906,2005-07-28 12:00:00,7.966508093119312,53.617,-55.0,SI-05
6.440614223480225,2005-07-28 12:00:00,7.934731757402803,53.617,-55.0,SI-05
7.92956018447876,2005-07-28 12:00:00,7.890518908977301,53.617,-55.0,SI-05
9.572997093200684,2005-07-28 12:00:00,7.799303191660579,53.617,-55.0,SI-05
11.404999732971191,2005-07-28 12:00:00,7.597842879056046,53.617,-55.0,SI-05
13.467140197753906,2005-07-28 12:00:00,7.226247977492779,53.617,-55.0,SI-05
15.810070037841797,2005-07-28 12:00:00,6.618747351408165,53.617,-55.0,SI-05
18.495559692382812,2005-07-28 12:00:00,5.74145748424522,53.617,-55.0,SI-05
21.598819732666016,2005-07-28 12:00:00,4.680289283514972,53.617,-55.0,SI-05
25.211410522460938,2005-07-28 12:00:00,3.592744253395886,53.617,-55.0,SI-05
29.444730758666992,2005-07-28 12:00:00,2.558746828082203,53.617,-55.0,SI-05
34.43415069580078,2005-07-28 12:00:00,1.6413168807043341,53.617,-55.0,SI-05
40.344051361083984,2005-07-28 12:00:00,0.8882998676308822,53.617,-55.0,SI-05
47.37369155883789,2005-07-28 12:00:00,0.3120541715635049,53.617,-55.0,SI-05
55.76428985595703,2005-07-28 12:00:00,-0.08183899045219807,53.617,-55.0,SI-05
65.80726623535156,2005-07-28 12:00:00,-0.2418292119487955,53.617,-55.0,SI-05
77.85385131835938,2005-07-28 12:00:00,-0.14657928848091722,53.617,-55.0,SI-05
92.3260726928711,2005-07-28 12:00:00,0.15103079343141443,53.617,-55.0,SI-05
109.72930145263672,2005-07-28 12:00:00,0.540889932395842,53.617,-55.0,SI-05
130.66600036621094,2005-07-28 12:00:00,0.8954336874484361,53.617,-55.0,SI-05
155.85069274902344,2005-07-28 12:00:00,0.9536015117197905,53.617,-55.0,SI-05
186.12559509277344,2005-07-28 12:00:00,0.9873114311730273,53.617,-55.0,SI-05
222.47520446777344,2005-07-28 12:00:00,nan,53.617,-55.0,SI-05
266.0403137207031,2005-07-28 12:00:00,nan,53.617,-55.0,SI-05
318.1274108886719,2005-07-28 12:00:00,nan,53.617,-55.0,SI-05
380.2130126953125,2005-07-28 12:00:00,nan,53.617,-55.0,SI-05
453.9377136230469,2005-07-28 12:00:00,nan,53.617,-55.0,SI-05
541.0889282226562,2005-07-28 12:00:00,nan,53.617,-55.0,SI-05
643.5667724609375,2005-07-28 12:00:00,nan,53.617,-55.0,SI-05
763.3331298828125,2005-07-28 12:00:00,nan,53.617,-55.0,SI-05
902.3392944335938,2005-07-28 12:00:00,nan,53.617,-55.0,SI-05
1062.43994140625,2005-07-28 12:00:00,nan,53.617,-55.0,SI-05
1245.291015625,2005-07-28 12:00:00,nan,53.617,-55.0,SI-05
1452.2509765625,2005-07-28 12:00:00,nan,53.617,-55.0,SI-05
1684.2840576171875,2005-07-28 12:00:00,nan,53.617,-55.0,SI-05
1941.8929443359375,2005-07-28 12:00:00,nan,53.617,-55.0,SI-05
2225.077880859375,2005-07-28 12:00:00,nan,53.617,-55.0,SI-05
2533.3359375,2005-07-28 12:00:00,nan,53.617,-55.0,SI-05
2865.702880859375,2005-07-28 12:00:00,nan,53.617,-55.0,SI-05
3220.820068359375,2005-07-28 12:00:00,nan,53.617,-55.0,SI-05
3597.031982421875,2005-07-28 12:00:00,nan,53.617,-55.0,SI-05
3992.48388671875,2005-07-28 12:00:00,nan,53.617,-55.0,SI-05
4405.22412109375,2005-07-28 12:00:00,nan,53.617,-55.0,SI-05
4833.291015625,2005-07-28 12:00:00,nan,53.617,-55.0,SI-05
5274.7841796875,2005-07-28 12:00:00,nan,53.617,-55.0,SI-05
5727.9169921875,2005-07-28 12:00:00,nan,53.617,-55.0,SI-05
0.49402499198913574,2005-07-28 12:00:00,8.032541649394709,53.757,-54.777,SI-06
1.5413750410079956,2005-07-28 12:00:00,7.970542846951722,53.757,-54.777,SI-06
2.6456689834594727,2005-07-28 12:00:00,7.8829774797595995,53.757,-54.777,SI-06
3.8194949626922607,2005-07-28 12:00:00,7.830035004906266,53.757,-54.777,SI-06
5.078224182128906,2005-07-28 12:00:00,7.792474805533864,53.757,-54.777,SI-06
6.440614223480225,2005-07-28 12:00:00,7.760370298526742,53.757,-54.777,SI-06
7.92956018447876,2005-07-28 12:00:00,7.722293246516796,53.757,-54.777,SI-06
9.572997093200684,2005-07-28 12:00:00,7.646680328969962,53.757,-54.777,SI-06
11.404999732971191,2005-07-28 12:00:00,7.467582458904078,53.757,-54.777,SI-06
13.467140197753906,2005-07-28 12:00:00,7.091726530248233,53.757,-54.777,SI-06
15.810070037841797,2005-07-28 12:00:00,6.403737476240903,53.757,-54.777,SI-06
18.495559692382812,2005-07-28 12:00:00,5.37795714272276,53.757,-54.777,SI-06
21.598819732666016,2005-07-28 12:00:00,4.213055844385566,53.757,-54.777,SI-06
25.211410522460938,2005-07-28 12:00:00,3.1065333789435923,53.757,-54.777,SI-06
29.444730758666992,2005-07-28 12:00:00,2.1635338479102066,53.757,-54.777,SI-06
34.43415069580078,2005-07-28 12:00:00,1.404557229215747,53.757,-54.777,SI-06
40.344051361083984,2005-07-28 12:00:00,0.815991696328605,53.757,-54.777,SI-06
47.37369155883789,2005-07-28 12:00:00,0.3662856163479088,53.757,-54.777,SI-06
55.76428985595703,2005-07-28 12:00:00,0.045839891685243196,53.757,-54.777,SI-06
65.80726623535156,2005-07-28 12:00:00,-0.1045659379891322,53.757,-54.777,SI-06
77.85385131835938,2005-07-28 12:00:00,-0.04932177068257558,53.757,-54.777,SI-06
92.3260726928711,2005-07-28 12:00:00,0.22670607368552959,53.757,-54.777,SI-06
109.72930145263672,2005-07-28 12:00:00,0.6175342383180974,53.757,-54.777,SI-06
130.66600036621094,2005-07-28 12:00:00,0.9344800194398929,53.757,-54.777,SI-06
155.85069274902344,2005-07-28 12:00:00,nan,53.757,-54.777,SI-06
186.12559509277344,2005-07-28 12:00:00,nan,53.757,-54.777,SI-06
222.47520446777344,2005-07-28 12:00:00,nan,53.757,-54.777,SI-06
266.0403137207031,2005-07-28 12:00:00,nan,53.757,-54.777,SI-06
318.1274108886719,2005-07-28 12:00:00,nan,53.757,-54.777,SI-06
380.2130126953125,2005-07-28 12:00:00,nan,53.757,-54.777,SI-06
453.9377136230469,2005-07-28 12:00:00,nan,53.757,-54.777,SI-06
541.0889282226562,2005-07-28 12:00:00,nan,53.757,-54.777,SI-06
643.5667724609375,2005-07-28 12:00:00,nan,53.757,-54.777,SI-06
763.3331298828125,2005-07-28 12:00:00,nan,53.757,-54.777,SI-06
902.3392944335938,2005-07-28 12:00:00,nan,53.757,-54.777,SI-06
1062.43994140625,2005-07-28 12:00:00,nan,53.757,-54.777,SI-06
1245.291015625,2005-07-28 12:00:00,nan,53.757,-54.777,SI-06
1452.2509765625,2005-07-28 12:00:00,nan,53.757,-54.777,SI-06
1684.2840576171875,2005-07-28 12:00:00,nan,53.757,-54.777,SI-06
1941.8929443359375,2005-07-28 12:00:00,nan,53.757,-54.777,SI-06
2225.077880859375,2005-07-28 12:00:00,nan,53.757,-54.777,SI-06
2533.3359375,2005-07-28 12:00:00,nan,53.757,-54.777,SI-06
2865.702880859375,2005-07-28 12:00:00,nan,53.757,-54.777,SI-06
3220.820068359375,2005-07-28 12:00:00,nan,53.757,-54.777,SI-06
3597.031982421875,2005-07-28 12:00:00,nan,53.757,-54.777,SI-06
3992.48388671875,2005-07-28 12:00:00,nan,53.757,-54.777,SI-06
4405.22412109375,2005-07-28 12:00:00,nan,53.757,-54.777,SI-06
4833.291015625,2005-07-28 12:00:00,nan,53.757,-54.777,SI-06
5274.7841796875,2005-07-28 12:00:00,nan,53.757,-54.777,SI-06
5727.9169921875,2005-07-28 12:00:00,nan,53.757,-54.777,SI-06
0.49402499198913574,2005-07-28 12:00:00,7.624436272945742,53.917,-54.5,SI-07
1.5413750410079956,2005-07-28 12:00:00,7.562913846653271,53.917,-54.5,SI-07
2.6456689834594727,2005-07-28 12:00:00,7.475026197742648,53.917,-54.5,SI-07
3.8194949626922607,2005-07-28 12:00:00,7.417171717937503,53.917,-54.5,SI-07
5.078224182128906,2005-07-28 12:00:00,7.383464765232373,53.917,-54.5,SI-07
6.440614223480225,2005-07-28 12:00:00,7.36293651903903,53.917,-54.5,SI-07
7.92956018447876,2005-07-28 12:00:00,7.343093047947971,53.917,-54.5,SI-07
9.572997093200684,2005-07-28 12:00:00,7.29680358074011,53.917,-54.5,SI-07
11.404999732971191,2005-07-28 12:00:00,7.1659724124565285,53.917,-54.5,SI-07
13.467140197753906,2005-07-28 12:00:00,6.788868616038723,53.917,-54.5,SI-07
15.810070037841797,2005-07-28 12:00:00,5.993580391016084,53.917,-54.5,SI-07
18.495559692382812,2005-07-28 12:00:00,4.794511167093602,53.917,-54.5,SI-07
21.598819732666016,2005-07-28 12:00:00,3.5011279128130672,53.917,-54.5,SI-07
25.211410522460938,2005-07-28 12:00:00,2.3240255118284634,53.917,-54.5,SI-07
29.444730758666992,2005-07-28 12:00:00,1.3643403687103108,53.917,-54.5,SI-07
34.43415069580078,2005-07-28 12:00:00,0.6763796963870391,53.917,-54.5,SI-07
40.344051361083984,2005-07-28 12:00:00,0.2403826970144611,53.917,-54.5,SI-07
47.37369155883789,2005-07-28 12:00:00,-0.01828951505774295,53.917,-54.5,SI-07
55.76428985595703,2005-07-28 12:00:00,-0.17569005776840985,53.917,-54.5,SI-07
65.80726623535156,2005-07-28 12:00:00,-0.2808834446811746,53.917,-54.5,SI-07
77.85385131835938,2005-07-28 12:00:00,-0.2975209115106826,53.917,-54.5,SI-07
92.3260726928711,2005-07-28 12:00:00,-0.16786966166952205,53.917,-54.5,SI-07
109.72930145263672,2005-07-28 12:00:00,0.12629035367504174,53.917,-54.5,SI-07
130.66600036621094,2005-07-28 12:00:00,0.5310586425103594,53.917,-54.5,SI-07
155.85069274902344,2005-07-28 12:00:00,1.0879509445494182,53.917,-54.5,SI-07
186.12559509277344,2005-07-28 12:00:00,nan,53.917,-54.5,SI-07
222.47520446777344,2005-07-28 12:00:00,nan,53.917,-54.5,SI-07
266.0403137207031,2005-07-28 12:00:00,nan,53.917,-54.5,SI-07
318.1274108886719,2005-07-28 12:00:00,nan,53.917,-54.5,SI-07
380.2130126953125,2005-07-28 12:00:00,nan,53.917,-54.5,SI-07
453.9377136230469,2005-07-28 12:00:00,nan,53.917,-54.5,SI-07
541.0889282226562,2005-07-28 12:00:00,nan,53.917,-54.5,SI-07
643.5667724609375,2005-07-28 12:00:00,nan,53.917,-54.5,SI-07
763.3331298828125,2005-07-28 12:00:00,nan,53.917,-54.5,SI-07
902.3392944335938,2005-07-28 12:00:00,nan,53.917,-54.5,SI-07
1062.43994140625,2005-07-28 12:00:00,nan,53.917,-54.5,SI-07
1245.291015625,2005-07-28 12:00:00,nan,53.917,-54.5,SI-07
1452.2509765625,2005-07-28 12:00:00,nan,53.917,-54.5,SI-07
1684.2840576171875,2005-07-28 12:00:00,nan,53.917,-54.5,SI-07
1941.8929443359375,2005-07-28 12:00:00,nan,53.917,-54.5,SI-07
2225.077880859375,2005-07-28 12:00:00,nan,53.917,-54.5,SI-07
2533.3359375,2005-07-28 12:00:00,nan,53.917,-54.5,SI-07
2865.702880859375,2005-07-28 12:00:00,nan,53.917,-54.5,SI-07
3220.820068359375,2005-07-28 12:00:00,nan,53.917,-54.5,SI-07
3597.031982421875,2005-07-28 12:00:00,nan,53.917,-54.5,SI-07
3992.48388671875,2005-07-28 12:00:00,nan,53.917,-54.5,SI-07
4405.22412109375,2005-07-28 12:00:00,nan,53.917,-54.5,SI-07
4833.291015625,2005-07-28 12:00:00,nan,53.917,-54.5,SI-07
5274.7841796875,2005-07-28 12:00:00,nan,53.917,-54.5,SI-07
5727.9169921875,2005-07-28 12:00:00,nan,53.917,-54.5,SI-07
0.49402499198913574,2005-07-28 12:00:00,7.786409750456965,54.082,-54.217,SI-08
1.5413750410079956,2005-07-28 12:00:00,7.726063851418532,54.082,-54.217,SI-08
2.6456689834594727,2005-07-28 12:00:00,7.644891648469564,54.082,-54.217,SI-08
3.8194949626922607,2005-07-28 12:00:00,7.594353003369822,54.082,-54.217,SI-08
5.078224182128906,2005-07-28 12:00:00,7.558645965835231,54.082,-54.217,SI-08
6.440614223480225,2005-07-28 12:00:00,7.529163469484581,54.082,-54.217,SI-08
7.92956018447876,2005-07-28 12:00:00,7.4926959451848525,54.082,-54.217,SI-08
9.572997093200684,2005-07-28 12:00:00,7.413216088748183,54.082,-54.217,SI-08
11.404999732971191,2005-07-28 12:00:00,7.205897960129219,54.082,-54.217,SI-08
13.467140197753906,2005-07-28 12:00:00,6.76977364197317,54.082,-54.217,SI-08
15.810070037841797,2005-07-28 12:00:00,6.047585952947601,54.082,-54.217,SI-08
18.495559692382812,2005-07-28 12:00:00,5.072039662497012,54.082,-54.217,SI-08
21.598819732666016,2005-07-28 12:00:00,3.946198040162869,54.082,-54.217,SI-08
25.211410522460938,2005-07-28 12:00:00,2.791308017685677,54.082,-54.217,SI-08
29.444730758666992,2005-07-28 12:00:00,1.7264526433383525,54.082,-54.217,SI-08
34.43415069580078,2005-07-28 12:00:00,0.8705360364631103,54.082,-54.217,SI-08
40.344051361083984,2005-07-28 12:00:00,0.30362906495715647,54.082,-54.217,SI-08
47.37369155883789,2005-07-28 12:00:00,-0.01260728211639986,54.082,-54.217,SI-08
55.76428985595703,2005-07-28 12:00:00,-0.15350088673625015,54.082,-54.217,SI-08
65.80726623535156,2005-07-28 12:00:00,-0.20843330832985305,54.082,-54.217,SI-08
77.85385131835938,2005-07-28 12:00:00,-0.20123848393852403,54.082,-54.217,SI-08
92.3260726928711,2005-07-28 12:00:00,-0.070348924038026,54.082,-54.217,SI-08
109.72930145263672,2005-07-28 12:00:00,0.23879273245635335,54.082,-54.217,SI-08
130.66600036621094,2005-07-28 12:00:00,0.6877550202799367,54.082,-54.217,SI-08
155.85069274902344,2005-07-28 12:00:00,1.2001113305563527,54.082,-54.217,SI-08
186.12559509277344,2005-07-28 12:00:00,nan,54.082,-54.217,SI-08
222.47520446777344,2005-07-28 12:00:00,nan,54.082,-54.217,SI-08
266.0403137207031,2005-07-28 12:00:00,nan,54.082,-54.217,SI-08
318.1274108886719,2005-07-28 12:00:00,nan,54.082,-54.217,SI-08
380.2130126953125,2005-07-28 12:00:00,nan,54.082,-54.217,SI-08
453.9377136230469,2005-07-28 12:00:00,nan,54.082,-54.217,SI-08
541.0889282226562,2005-07-28 12:00:00,nan,54.082,-54.217,SI-08
643.5667724609375,2005-07-28 12:00:00,nan,54.082,-54.217,SI-08
763.3331298828125,2005-07-28 12:00:00,nan,54.082,-54.217,SI-08
902.3392944335938,2005-07-28 12:00:00,nan,54.082,-54.217,SI-08
1062.43994140625,2005-07-28 12:00:00,nan,54.082,-54.217,SI-08
1245.291015625,2005-07-28 12:00:00,nan,54.082,-54.217,SI-08
1452.2509765625,2005-07-28 12:00:00,nan,54.082,-54.217,SI-08
1684.2840576171875,2005-07-28 12:00:00,nan,54.082,-54.217,SI-08
1941.8929443359375,2005-07-28 12:00:00,nan,54.082,-54.217,SI-08
2225.077880859375,2005-07-28 12:00:00,nan,54.082,-54.217,SI-08
2533.3359375,2005-07-28 12:00:00,nan,54.082,-54.217,SI-08
2865.702880859375,2005-07-28 12:00:00,nan,54.082,-54.217,SI-08
3220.820068359375,2005-07-28 12:00:00,nan,54.082,-54.217,SI-08
3597.031982421875,2005-07-28 12:00:00,nan,54.082,-54.217,SI-08
3992.48388671875,2005-07-28 12:00:00,nan,54.082,-54.217,SI-08
4405.22412109375,2005-07-28 12:00:00,nan,54.082,-54.217,SI-08
4833.291015625,2005-07-28 12:00:00,nan,54.082,-54.217,SI-08
5274.7841796875,2005-07-28 12:00:00,nan,54.082,-54.217,SI-08
5727.9169921875,2005-07-28 12:00:00,nan,54.082,-54.217,SI-08
0.49402499198913574,2005-07-28 12:00:00,7.201775154433339,54.2,-54.0,SI-09
1.5413750410079956,2005-07-28 12:00:00,7.13966385196783,54.2,-54.0,SI-09
2.6456689834594727,2005-07-28 12:00:00,7.059827926716073,54.2,-54.0,SI-09
3.8194949626922607,2005-07-28 12:00:00,7.005187340786816,54.2,-54.0,SI-09
5.078224182128906,2005-07-28 12:00:00,6.970469596943124,54.2,-54.0,SI-09
6.440614223480225,2005-07-28 12:00:00,6.944540949127557,54.2,-54.0,SI-09
7.92956018447876,2005-07-28 12:00:00,6.908797888420739,54.2,-54.0,SI-09
9.572997093200684,2005-07-28 12:00:00,6.823248691842606,54.2,-54.0,SI-09
11.404999732971191,2005-07-28 12:00:00,6.576416412033948,54.2,-54.0,SI-09
13.467140197753906,2005-07-28 12:00:00,6.060631038380247,54.2,-54.0,SI-09
15.810070037841797,2005-07-28 12:00:00,5.238391348222576,54.2,-54.0,SI-09
18.495559692382812,2005-07-28 12:00:00,4.257943205131631,54.2,-54.0,SI-09
21.598819732666016,2005-07-28 12:00:00,3.247025724896874,54.2,-54.0,SI-09
25.211410522460938,2005-07-28 12:00:00,2.273608115736005,54.2,-54.0,SI-09
29.444730758666992,2005-07-28 12:00:00,1.4312960889645252,54.2,-54.0,SI-09
34.43415069580078,2005-07-28 12:00:00,0.7873319830951995,54.2,-54.0,SI-09
40.344051361083984,2005-07-28 12:00:00,0.36266007313165366,54.2,-54.0,SI-09
47.37369155883789,2005-07-28 12:00:00,0.14673474839850026,54.2,-54.0,SI-09
55.76428985595703,2005-07-28 12:00:00,0.11919419948499158,54.2,-54.0,SI-09
65.80726623535156,2005-07-28 12:00:00,0.24707900615051354,54.2,-54.0,SI-09
77.85385131835938,2005-07-28 12:00:00,0.5012353035404267,54.2,-54.0,SI-09
92.3260726928711,2005-07-28 12:00:00,0.8094470256928378,54.2,-54.0,SI-09
109.72930145263672,2005-07-28 12:00:00,1.2056989723846279,54.2,-54.0,SI-09
130.66600036621094,2005-07-28 12:00:00,1.8482008668633447,54.2,-54.0,SI-09
155.85069274902344,2005-07-28 12:00:00,2.6623856912386996,54.2,-54.0,SI-09
186.12559509277344,2005-07-28 12:00:00,3.467339687980415,54.2,-54.0,SI-09
222.47520446777344,2005-07-28 12:00:00,nan,54.2,-54.0,SI-09
266.0403137207031,2005-07-28 12:00:00,nan,54.2,-54.0,SI-09
318.1274108886719,2005-07-28 12:00:00,nan,54.2,-54.0,SI-09
380.2130126953125,2005-07-28 12:00:00,nan,54.2,-54.0,SI-09
453.9377136230469,2005-07-28 12:00:00,nan,54.2,-54.0,SI-09
541.0889282226562,2005-07-28 12:00:00,nan,54.2,-54.0,SI-09
643.5667724609375,2005-07-28 12:00:00,nan,54.2,-54.0,SI-09
763.3331298828125,2005-07-28 12:00:00,nan,54.2,-54.0,SI-09
902.3392944335938,2005-07-28 12:00:00,nan,54.2,-54.0,SI-09
1062.43994140625,2005-07-28 12:00:00,nan,54.2,-54.0,SI-09
1245.291015625,2005-07-28 12:00:00,nan,54.2,-54.0,SI-09
1452.2509765625,2005-07-28 12:00:00,nan,54.2,-54.0,SI-09
1684.2840576171875,2005-07-28 12:00:00,nan,54.2,-54.0,SI-09
1941.8929443359375,2005-07-28 12:00:00,nan,54.2,-54.0,SI-09
2225.077880859375,2005-07-28 12:00:00,nan,54.2,-54.0,SI-09
2533.3359375,2005-07-28 12:00:00,nan,54.2,-54.0,SI-09
2865.702880859375,2005-07-28 12:00:00,nan,54.2,-54.0,SI-09
3220.820068359375,2005-07-28 12:00:00,nan,54.2,-54.0,SI-09
3597.031982421875,2005-07-28 12:00:00,nan,54.2,-54.0,SI-09
3992.48388671875,2005-07-28 12:00:00,nan,54.2,-54.0,SI-09
4405.22412109375,2005-07-28 12:00:00,nan,54.2,-54.0,SI-09
4833.291015625,2005-07-28 12:00:00,nan,54.2,-54.0,SI-09
5274.7841796875,2005-07-28 12:00:00,nan,54.2,-54.0,SI-09
5727.9169921875,2005-07-28 12:00:00,nan,54.2,-54.0,SI-09
0.49402499198913574,2005-07-28 12:00:00,7.096709901850556,54.355,-53.733000000000004,SI-10
1.5413750410079956,2005-07-28 12:00:00,7.033717543885933,54.355,-53.733000000000004,SI-10
2.6456689834594727,2005-07-28 12:00:00,6.947364511447518,54.355,-53.733000000000004,SI-10
3.8194949626922607,2005-07-28 12:00:00,6.8902219846030155,54.355,-53.733000000000004,SI-10
5.078224182128906,2005-07-28 12:00:00,6.839106064432842,54.355,-53.733000000000004,SI-10
6.440614223480225,2005-07-28 12:00:00,6.778695597424449,54.355,-53.733000000000004,SI-10
7.92956018447876,2005-07-28 12:00:00,6.676333941893142,54.355,-53.733000000000004,SI-10
9.572997093200684,2005-07-28 12:00:00,6.488858130682583,54.355,-53.733000000000004,SI-10
11.404999732971191,2005-07-28 12:00:00,6.183149072359804,54.355,-53.733000000000004,SI-10
13.467140197753906,2005-07-28 12:00:00,5.735234984093427,54.355,-53.733000000000004,SI-10
15.810070037841797,2005-07-28 12:00:00,5.076004636512683,54.355,-53.733000000000004,SI-10
18.495559692382812,2005-07-28 12:00:00,4.200122950693311,54.355,-53.733000000000004,SI-10
21.598819732666016,2005-07-28 12:00:00,3.239384733906757,54.355,-53.733000000000004,SI-10
25.211410522460938,2005-07-28 12:00:00,2.3398725797940627,54.355,-53.733000000000004,SI-10
29.444730758666992,2005-07-28 12:00:00,1.5726930035590705,54.355,-53.733000000000004,SI-10
34.43415069580078,2005-07-28 12:00:00,1.00190429446964,54.355,-53.733000000000004,SI-10
40.344051361083984,2005-07-28 12:00:00,0.6830165190714967,54.355,-53.733000000000004,SI-10
47.37369155883789,2005-07-28 12:00:00,0.6036397828366499,54.355,-53.733000000000004,SI-10
55.76428985595703,2005-07-28 12:00:00,0.7087409625128145,54.355,-53.733000000000004,SI-10
65.80726623535156,2005-07-28 12:00:00,0.9278594048099171,54.355,-53.733000000000004,SI-10
77.85385131835938,2005-07-28 12:00:00,1.2563425822831227,54.355,-53.733000000000004,SI-10
92.3260726928711,2005-07-28 12:00:00,1.6705433506498109,54.355,-53.733000000000004,SI-10
109.72930145263672,2005-07-28 12:00:00,2.102102566820151,54.355,-53.733000000000004,SI-10
130.66600036621094,2005-07-28 12:00:00,2.563347055639378,54.355,-53.733000000000004,SI-10
155.85069274902344,2005-07-28 12:00:00,3.086129946728401,54.355,-53.733000000000004,SI-10
186.12559509277344,2005-07-28 12:00:00,3.618334147212652,54.355,-53.733000000000004,SI-10
222.47520446777344,2005-07-28 12:00:00,3.994410348578837,54.355,-53.733000000000004,SI-10
266.0403137207031,2005-07-28 12:00:00,nan,54.355,-53.733000000000004,SI-10
318.1274108886719,2005-07-28 12:00:00,nan,54.355,-53.733000000000004,SI-10
380.2130126953125,2005-07-28 12:00:00,nan,54.355,-53.733000000000004,SI-10
453.9377136230469,2005-07-28 12:00:00,nan,54.355,-53.733000000000004,SI-10
541.0889282226562,2005-07-28 12:00:00,nan,54.355,-53.733000000000004,SI-10
643.5667724609375,2005-07-28 12:00:00,nan,54.355,-53.733000000000004,SI-10
763.3331298828125,2005-07-28 12:00:00,nan,54.355,-53.733000000000004,SI-10
902.3392944335938,2005-07-28 12:00:00,nan,54.355,-53.733000000000004,SI-10
1062.43994140625,2005-07-28 12:00:00,nan,54.355,-53.733000000000004,SI-10
1245.291015625,2005-07-28 12:00:00,nan,54.355,-53.733000000000004,SI-10
1452.2509765625,2005-07-28 12:00:00,nan,54.355,-53.733000000000004,SI-10
1684.2840576171875,2005-07-28 12:00:00,nan,54.355,-53.733000000000004,SI-10
1941.8929443359375,2005-07-28 12:00:00,nan,54.355,-53.733000000000004,SI-10
2225.077880859375,2005-07-28 12:00:00,nan,54.355,-53.733000000000004,SI-10
2533.3359375,2005-07-28 12:00:00,nan,54.355,-53.733000000000004,SI-10
2865.702880859375,2005-07-28 12:00:00,nan,54.355,-53.733000000000004,SI-10
3220.820068359375,2005-07-28 12:00:00,nan,54.355,-53.733000000000004,SI-10
3597.031982421875,2005-07-28 12:00:00,nan,54.355,-53.733000000000004,SI-10
3992.48388671875,2005-07-28 12:00:00,nan,54.355,-53.733000000000004,SI-10
4405.22412109375,2005-07-28 12:00:00,nan,54.355,-53.733000000000004,SI-10
4833.291015625,2005-07-28 12:00:00,nan,54.355,-53.733000000000004,SI-10
5274.7841796875,2005-07-28 12:00:00,nan,54.355,-53.733000000000004,SI-10
5727.9169921875,2005-07-28 12:00:00,nan,54.355,-53.733000000000004,SI-10
0.49402499198913574,2005-07-28 12:00:00,6.388469696044922,54.5,-53.5,SI-11
1.5413750410079956,2005-07-28 12:00:00,6.324014663696289,54.5,-53.5,SI-11
2.6456689834594727,2005-07-28 12:00:00,6.245643615722656,54.5,-53.5,SI-11
3.8194949626922607,2005-07-28 12:00:00,6.187780380249023,54.5,-53.5,SI-11
5.078224182128906,2005-07-28 12:00:00,6.151158332824707,54.5,-53.5,SI-11
6.440614223480225,2005-07-28 12:00:00,6.119663238525391,54.5,-53.5,SI-11
7.92956018447876,2005-07-28 12:00:00,6.076448440551758,54.5,-53.5,SI-11
9.572997093200684,2005-07-28 12:00:00,5.986358642578125,54.5,-53.5,SI-11
11.404999732971191,2005-07-28 12:00:00,5.759300231933594,54.5,-53.5,SI-11
13.467140197753906,2005-07-28 12:00:00,5.297861099243164,54.5,-53.5,SI-11
15.810070037841797,2005-07-28 12:00:00,4.4694671630859375,54.5,-53.5,SI-11
18.495559692382812,2005-07-28 12:00:00,3.4462413787841797,54.5,-53.5,SI-11
21.598819732666016,2005-07-28 12:00:00,2.4127635955810547,54.5,-53.5,SI-11
25.211410522460938,2005-07-28 12:00:00,1.4598522186279297,54.5,-53.5,SI-11
29.444730758666992,2005-07-28 12:00:00,0.6915187835693359,54.5,-53.5,SI-11
34.43415069580078,2005-07-28 12:00:00,0.21909332275390625,54.5,-53.5,SI-11
40.344051361083984,2005-07-28 12:00:00,0.06234931945800781,54.5,-53.5,SI-11
47.37369155883789,2005-07-28 12:00:00,0.16708946228027344,54.5,-53.5,SI-11
55.76428985595703,2005-07-28 12:00:00,0.4439525604248047,54.5,-53.5,SI-11
65.80726623535156,2005-07-28 12:00:00,0.7845401763916016,54.5,-53.5,SI-11
77.85385131835938,2005-07-28 12:00:00,1.1280555725097656,54.5,-53.5,SI-11
92.3260726928711,2005-07-28 12:00:00,1.4686431884765625,54.5,-53.5,SI-11
109.72930145263672,2005-07-28 12:00:00,1.8385257720947266,54.5,-53.5,SI-11
130.66600036621094,2005-07-28 12:00:00,2.2714004516601562,54.5,-53.5,SI-11
155.85069274902344,2005-07-28 12:00:00,2.7562789916992188,54.5,-53.5,SI-11
186.12559509277344,2005-07-28 12:00:00,3.2103939056396484,54.5,-53.5,SI-11
222.47520446777344,2005-07-28 12:00:00,3.5795459747314453,54.5,-53.5,SI-11
266.0403137207031,2005-07-28 12:00:00,3.9054832458496094,54.5,-53.5,SI-11
318.1274108886719,2005-07-28 12:00:00,nan,54.5,-53.5,SI-11
380.2130126953125,2005-07-28 12:00:00,nan,54.5,-53.5,SI-11
453.9377136230469,2005-07-28 12:00:00,nan,54.5,-53.5,SI-11
541.0889282226562,2005-07-28 12:00:00,nan,54.5,-53.5,SI-11
643.5667724609375,2005-07-28 12:00:00,nan,54.5,-53.5,SI-11
763.3331298828125,2005-07-28 12:00:00,nan,54.5,-53.5,SI-11
902.3392944335938,2005-07-28 12:00:00,nan,54.5,-53.5,SI-11
1062.43994140625,2005-07-28 12:00:00,nan,54.5,-53.5,SI-11
1245.291015625,2005-07-28 12:00:00,nan,54.5,-53.5,SI-11
1452.2509765625,2005-07-28 12:00:00,nan,54.5,-53.5,SI-11
1684.2840576171875,2005-07-28 12:00:00,nan,54.5,-53.5,SI-11
1941.8929443359375,2005-07-28 12:00:00,nan,54.5,-53.5,SI-11
2225.077880859375,2005-07-28 12:00:00,nan,54.5,-53.5,SI-11
2533.3359375,2005-07-28 12:00:00,nan,54.5,-53.5,SI-11
2865.702880859375,2005-07-28 12:00:00,nan,54.5,-53.5,SI-11
3220.820068359375,2005-07-28 12:00:00,nan,54.5,-53.5,SI-11
3597.031982421875,2005-07-28 12:00:00,nan,54.5,-53.5,SI-11
3992.48388671875,2005-07-28 12:00:00,nan,54.5,-53.5,SI-11
4405.22412109375,2005-07-28 12:00:00,nan,54.5,-53.5,SI-11
4833.291015625,2005-07-28 12:00:00,nan,54.5,-53.5,SI-11
5274.7841796875,2005-07-28 12:00:00,nan,54.5,-53.5,SI-11
5727.9169921875,2005-07-28 12:00:00,nan,54.5,-53.5,SI-11
0.49402499198913574,2005-07-28 12:00:00,7.414869421480048,54.633,-53.25,SI-12
1.5413750410079956,2005-07-28 12:00:00,7.361541723252229,54.633,-53.25,SI-12
2.6456689834594727,2005-07-28 12:00:00,7.290664447781992,54.633,-53.25,SI-12
3.8194949626922607,2005-07-28 12:00:00,7.233985199928384,54.633,-53.25,SI-12
5.078224182128906,2005-07-28 12:00:00,7.1859686677449695,54.633,-53.25,SI-12
6.440614223480225,2005-07-28 12:00:00,7.1277279329307905,54.633,-53.25,SI-12
7.92956018447876,2005-07-28 12:00:00,7.009655272722626,54.633,-53.25,SI-12
9.572997093200684,2005-07-28 12:00:00,6.753194087265905,54.633,-53.25,SI-12
11.404999732971191,2005-07-28 12:00:00,6.257801414964366,54.633,-53.25,SI-12
13.467140197753906,2005-07-28 12:00:00,5.493861942768673,54.633,-53.25,SI-12
15.810070037841797,2005-07-28 12:00:00,4.47933821964518,54.633,-53.25,SI-12
18.495559692382812,2005-07-28 12:00:00,3.2904797995082937,54.633,-53.25,SI-12
21.598819732666016,2005-07-28 12:00:00,2.106184712887825,54.633,-53.25,SI-12
25.211410522460938,2005-07-28 12:00:00,1.1260184466850947,54.633,-53.25,SI-12
29.444730758666992,2005-07-28 12:00:00,0.48578067040420403,54.633,-53.25,SI-12
34.43415069580078,2005-07-28 12:00:00,0.2231734659659001,54.633,-53.25,SI-12
40.344051361083984,2005-07-28 12:00:00,0.2253707315909001,54.633,-53.25,SI-12
47.37369155883789,2005-07-28 12:00:00,0.37785891699676233,54.633,-53.25,SI-12
55.76428985595703,2005-07-28 12:00:00,0.6385354380612509,54.633,-53.25,SI-12
65.80726623535156,2005-07-28 12:00:00,0.9413544571431449,54.633,-53.25,SI-12
77.85385131835938,2005-07-28 12:00:00,1.2511863646513932,54.633,-53.25,SI-12
92.3260726928711,2005-07-28 12:00:00,1.577444020507485,54.633,-53.25,SI-12
109.72930145263672,2005-07-28 12:00:00,1.9408186986438443,54.633,-53.25,SI-12
130.66600036621094,2005-07-28 12:00:00,2.3656660559162908,54.633,-53.25,SI-12
155.85069274902344,2005-07-28 12:00:00,2.845791673420889,54.633,-53.25,SI-12
186.12559509277344,2005-07-28 12:00:00,3.3026410417515812,54.633,-53.25,SI-12
222.47520446777344,2005-07-28 12:00:00,3.667837988373872,54.633,-53.25,SI-12
266.0403137207031,2005-07-28 12:00:00,3.905709704639997,54.633,-53.25,SI-12
318.1274108886719,2005-07-28 12:00:00,4.063375562194809,54.633,-53.25,SI-12
380.2130126953125,2005-07-28 12:00:00,4.105989870787519,54.633,-53.25,SI-12
453.9377136230469,2005-07-28 12:00:00,4.10272627615778,54.633,-53.25,SI-12
541.0889282226562,2005-07-28 12:00:00,nan,54.633,-53.25,SI-12
643.5667724609375,2005-07-28 12:00:00,nan,54.633,-53.25,SI-12
763.3331298828125,2005-07-28 12:00:00,nan,54.633,-53.25,SI-12
902.3392944335938,2005-07-28 12:00:00,nan,54.633,-53.25,SI-12
1062.43994140625,2005-07-28 12:00:00,nan,54.633,-53.25,SI-12
1245.291015625,2005-07-28 12:00:00,nan,54.633,-53.25,SI-12
1452.2509765625,2005-07-28 12:00:00,nan,54.633,-53.25,SI-12
1684.2840576171875,2005-07-28 12:00:00,nan,54.633,-53.25,SI-12
1941.8929443359375,2005-07-28 12:00:00,nan,54.633,-53.25,SI-12
2225.077880859375,2005-07-28 12:00:00,nan,54.633,-53.25,SI-12
2533.3359375,2005-07-28 12:00:00,nan,54.633,-53.25,SI-12
2865.702880859375,2005-07-28 12:00:00,nan,54.633,-53.25,SI-12
3220.820068359375,2005-07-28 12:00:00,nan,54.633,-53.25,SI-12
3597.031982421875,2005-07-28 12:00:00,nan,54.633,-53.25,SI-12
3992.48388671875,2005-07-28 12:00:00,nan,54.633,-53.25,SI-12
4405.22412109375,2005-07-28 12:00:00,nan,54.633,-53.25,SI-12
4833.291015625,2005-07-28 12:00:00,nan,54.633,-53.25,SI-12
5274.7841796875,2005-07-28 12:00:00,nan,54.633,-53.25,SI-12
5727.9169921875,2005-07-28 12:00:00,nan,54.633,-53.25,SI-12
0.49402499198913574,2005-07-28 12:00:00,7.579577192991836,54.783,-53.0,SI-13
1.5413750410079956,2005-07-28 12:00:00,7.526550867154992,54.783,-53.0,SI-13
2.6456689834594727,2005-07-28 12:00:00,7.45170384230593,54.783,-53.0,SI-13
3.8194949626922607,2005-07-28 12:00:00,7.4018829988091515,54.783,-53.0,SI-13
5.078224182128906,2005-07-28 12:00:00,7.368436803446233,54.783,-53.0,SI-13
6.440614223480225,2005-07-28 12:00:00,7.344591673472993,54.783,-53.0,SI-13
7.92956018447876,2005-07-28 12:00:00,7.31681451274115,54.783,-53.0,SI-13
9.572997093200684,2005-07-28 12:00:00,7.266888604038527,54.783,-53.0,SI-13
11.404999732971191,2005-07-28 12:00:00,7.181630155262393,54.783,-53.0,SI-13
13.467140197753906,2005-07-28 12:00:00,7.036375980785305,54.783,-53.0,SI-13
15.810070037841797,2005-07-28 12:00:00,6.791327784416085,54.783,-53.0,SI-13
18.495559692382812,2005-07-28 12:00:00,6.408078623552743,54.783,-53.0,SI-13
21.598819732666016,2005-07-28 12:00:00,5.844953006851447,54.783,-53.0,SI-13
25.211410522460938,2005-07-28 12:00:00,5.099633088141713,54.783,-53.0,SI-13
29.444730758666992,2005-07-28 12:00:00,4.248251829549432,54.783,-53.0,SI-13
34.43415069580078,2005-07-28 12:00:00,3.5045146033994645,54.783,-53.0,SI-13
40.344051361083984,2005-07-28 12:00:00,3.104180152935337,54.783,-53.0,SI-13
47.37369155883789,2005-07-28 12:00:00,3.0599267982453306,54.783,-53.0,SI-13
55.76428985595703,2005-07-28 12:00:00,3.221287606821309,54.783,-53.0,SI-13
65.80726623535156,2005-07-28 12:00:00,3.4625331058298805,54.783,-53.0,SI-13
77.85385131835938,2005-07-28 12:00:00,3.720218406030786,54.783,-53.0,SI-13
92.3260726928711,2005-07-28 12:00:00,3.9086751892641693,54.783,-53.0,SI-13
109.72930145263672,2005-07-28 12:00:00,4.017709961864416,54.783,-53.0,SI-13
130.66600036621094,2005-07-28 12:00:00,4.077213953500768,54.783,-53.0,SI-13
155.85069274902344,2005-07-28 12:00:00,4.104307491066572,54.783,-53.0,SI-13
186.12559509277344,2005-07-28 12:00:00,4.111720619697248,54.783,-53.0,SI-13
222.47520446777344,2005-07-28 12:00:00,4.101185224458778,54.783,-53.0,SI-13
266.0403137207031,2005-07-28 12:00:00,4.08590599392476,54.783,-53.0,SI-13
318.1274108886719,2005-07-28 12:00:00,4.0376520006797545,54.783,-53.0,SI-13
380.2130126953125,2005-07-28 12:00:00,3.9646187459654483,54.783,-53.0,SI-13
453.9377136230469,2005-07-28 12:00:00,3.8886411774422043,54.783,-53.0,SI-13
541.0889282226562,2005-07-28 12:00:00,3.828456838741288,54.783,-53.0,SI-13
643.5667724609375,2005-07-28 12:00:00,3.778861839348566,54.783,-53.0,SI-13
763.3331298828125,2005-07-28 12:00:00,3.702455763425889,54.783,-53.0,SI-13
902.3392944335938,2005-07-28 12:00:00,nan,54.783,-53.0,SI-13
1062.43994140625,2005-07-28 12:00:00,nan,54.783,-53.0,SI-13
1245.291015625,2005-07-28 12:00:00,nan,54.783,-53.0,SI-13
1452.2509765625,2005-07-28 12:00:00,nan,54.783,-53.0,SI-13
1684.2840576171875,2005-07-28 12:00:00,nan,54.783,-53.0,SI-13
1941.8929443359375,2005-07-28 12:00:00,nan,54.783,-53.0,SI-13
2225.077880859375,2005-07-28 12:00:00,nan,54.783,-53.0,SI-13
2533.3359375,2005-07-28 12:00:00,nan,54.783,-53.0,SI-13
2865.702880859375,2005-07-28 12:00:00,nan,54.783,-53.0,SI-13
3220.820068359375,2005-07-28 12:00:00,nan,54.783,-53.0,SI-13
3597.031982421875,2005-07-28 12:00:00,nan,54.783,-53.0,SI-13
3992.48388671875,2005-07-28 12:00:00,nan,54.783,-53.0,SI-13
4405.22412109375,2005-07-28 12:00:00,nan,54.783,-53.0,SI-13
4833.291015625,2005-07-28 12:00:00,nan,54.783,-53.0,SI-13
5274.7841796875,2005-07-28 12:00:00,nan,54.783,-53.0,SI-13
5727.9169921875,2005-07-28 12:00:00,nan,54.783,-53.0,SI-13
0.49402499198913574,2005-07-28 12:00:00,9.14651797013513,55.067,-52.5,SI-14
1.5413750410079956,2005-07-28 12:00:00,9.106090267633851,55.067,-52.5,SI-14
2.6456689834594727,2005-07-28 12:00:00,9.056872735866722,55.067,-52.5,SI-14
3.8194949626922607,2005-07-28 12:00:00,9.024788578485902,55.067,-52.5,SI-14
5.078224182128906,2005-07-28 12:00:00,9.005745609735904,55.067,-52.5,SI-14
6.440614223480225,2005-07-28 12:00:00,8.994169638672016,55.067,-52.5,SI-14
7.92956018447876,2005-07-28 12:00:00,8.988755407234624,55.067,-52.5,SI-14
9.572997093200684,2005-07-28 12:00:00,8.98730525684981,55.067,-52.5,SI-14
11.404999732971191,2005-07-28 12:00:00,8.988067065455184,55.067,-52.5,SI-14
13.467140197753906,2005-07-28 12:00:00,8.980657887555502,55.067,-52.5,SI-14
15.810070037841797,2005-07-28 12:00:00,8.942574197422621,55.067,-52.5,SI-14
18.495559692382812,2005-07-28 12:00:00,8.839077936164365,55.067,-52.5,SI-14
21.598819732666016,2005-07-28 12:00:00,8.608430527303028,55.067,-52.5,SI-14
25.211410522460938,2005-07-28 12:00:00,8.200019094340124,55.067,-52.5,SI-14
29.444730758666992,2005-07-28 12:00:00,7.582413173443811,55.067,-52.5,SI-14
34.43415069580078,2005-07-28 12:00:00,6.7905889133330275,55.067,-52.5,SI-14
40.344051361083984,2005-07-28 12:00:00,5.927302815783034,55.067,-52.5,SI-14
47.37369155883789,2005-07-28 12:00:00,5.107762161495169,55.067,-52.5,SI-14
55.76428985595703,2005-07-28 12:00:00,4.4834054172417215,55.067,-52.5,SI-14
65.80726623535156,2005-07-28 12:00:00,4.118196502513715,55.067,-52.5,SI-14
77.85385131835938,2005-07-28 12:00:00,3.970922020813114,55.067,-52.5,SI-14
92.3260726928711,2005-07-28 12:00:00,3.875767039159005,55.067,-52.5,SI-14
109.72930145263672,2005-07-28 12:00:00,3.79842226221491,55.067,-52.5,SI-14
130.66600036621094,2005-07-28 12:00:00,3.7434710067431203,55.067,-52.5,SI-14
155.85069274902344,2005-07-28 12:00:00,3.731332925052516,55.067,-52.5,SI-14
186.12559509277344,2005-07-28 12:00:00,3.7562763347651047,55.067,-52.5,SI-14
222.47520446777344,2005-07-28 12:00:00,3.8010290694977384,55.067,-52.5,SI-14
266.0403137207031,2005-07-28 12:00:00,3.790579246167903,55.067,-52.5,SI-14
318.1274108886719,2005-07-28 12:00:00,3.75331351691709,55.067,-52.5,SI-14
380.2130126953125,2005-07-28 12:00:00,3.678218021308129,55.067,-52.5,SI-14
453.9377136230469,2005-07-28 12:00:00,3.606828715169727,55.067,-52.5,SI-14
541.0889282226562,2005-07-28 12:00:00,3.5527564414078707,55.067,-52.5,SI-14
643.5667724609375,2005-07-28 12:00:00,3.4855152672612,55.067,-52.5,SI-14
763.3331298828125,2005-07-28 12:00:00,3.4138923478810836,55.067,-52.5,SI-14
902.3392944335938,2005-07-28 12:00:00,3.350500908906936,55.067,-52.5,SI-14
1062.43994140625,2005-07-28 12:00:00,3.3097313093482725,55.067,-52.5,SI-14
1245.291015625,2005-07-28 12:00:00,3.355949261647838,55.067,-52.5,SI-14
1452.2509765625,2005-07-28 12:00:00,3.216076978406603,55.067,-52.5,SI-14
1684.2840576171875,2005-07-28 12:00:00,2.95505137552343,55.067,-52.5,SI-14
1941.8929443359375,2005-07-28 12:00:00,2.7864684349900006,55.067,-52.5,SI-14
2225.077880859375,2005-07-28 12:00:00,2.7116991893989213,55.067,-52.5,SI-14
2533.3359375,2005-07-28 12:00:00,nan,55.067,-52.5,SI-14
2865.702880859375,2005-07-28 12:00:00,nan,55.067,-52.5,SI-14
3220.820068359375,2005-07-28 12:00:00,nan,55.067,-52.5,SI-14
3597.031982421875,2005-07-28 12:00:00,nan,55.067,-52.5,SI-14
3992.48388671875,2005-07-28 12:00:00,nan,55.067,-52.5,SI-14
4405.22412109375,2005-07-28 12:00:00,nan,55.067,-52.5,SI-14
4833.291015625,2005-07-28 12:00:00,nan,55.067,-52.5,SI-14
5274.7841796875,2005-07-28 12:00:00,nan,55.067,-52.5,SI-14
5727.9169921875,2005-07-28 12:00:00,nan,55.067,-52.5,SI-14
