Depth [m],TIME,Temperature [degrees_C],Northward velocity [m s-1],Eastward velocity [m s-1],Salinity [1e-3],LAT,LON,STATION
0.49402499198913574,2020-07-25 12:00:00,9.331519820249058,-0.34934551757138255,0.08229464243671393,29.615211410917652,53.233000000000004,-55.65,SI-01
1.5413750410079956,2020-07-25 12:00:00,9.151456451060325,-0.35927843386362646,0.08209785523287301,29.63241377094965,53.233000000000004,-55.65,SI-01
2.6456689834594727,2020-07-25 12:00:00,8.324164199133396,-0.3830354427021622,0.07340818201032384,29.7048798969023,53.233000000000004,-55.65,SI-01
3.8194949626922607,2020-07-25 12:00:00,7.3100327808113,-0.401451062014633,0.055687451132137224,29.808921250180983,53.233000000000004,-55.65,SI-01
5.078224182128906,2020-07-25 12:00:00,6.444636360474247,-0.4081451336609256,0.03536066400351002,29.916508065762528,53.233000000000004,-55.65,SI-01
6.440614223480225,2020-07-25 12:00:00,5.709739276640349,-0.40619682241126603,0.01606026724865918,30.024462322776365,53.233000000000004,-55.65,SI-01
7.92956018447876,2020-07-25 12:00:00,4.9935363756070865,-0.39844363361676705,-0.010306133982537416,30.1416459967156,53.233000000000004,-55.65,SI-01
9.572997093200684,2020-07-25 12:00:00,4.338619306221048,-0.3851023817135225,-0.028126450323885083,30.2545344412244,53.233000000000004,-55.65,SI-01
11.404999732971191,2020-07-25 12:00:00,3.6528018092597088,-0.3687815703111958,-0.032178313049614875,30.372474160311782,53.233000000000004,-55.65,SI-01
13.467140197753906,2020-07-25 12:00:00,2.94749224039723,-0.35213170836069924,-0.0317754519602313,30.49414438491718,53.233000000000004,-55.65,SI-01
15.810070037841797,2020-07-25 12:00:00,2.205444103450061,-0.3343133890332052,-0.038623243692945,30.628071678468142,53.233000000000004,-55.65,SI-01
18.495559692382812,2020-07-25 12:00:00,1.5746376688486357,-0.3193828630542467,-0.03496786572936732,30.74882521241488,53.233000000000004,-55.65,SI-01
21.598819732666016,2020-07-25 12:00:00,1.2012971269932664,-0.3119339366111664,-0.03119041323187533,30.81676314706726,53.233000000000004,-55.65,SI-01
25.211410522460938,2020-07-25 12:00:00,0.6555542202263127,-0.2986450885634476,-0.01972140976877916,30.99231221212639,53.233000000000004,-55.65,SI-01
29.444730758666992,2020-07-25 12:00:00,-0.03306264757173217,-0.2561765695268467,0.004172161917572291,31.242185279207046,53.233000000000004,-55.65,SI-01
34.43415069580078,2020-07-25 12:00:00,-0.6441378514616871,-0.3609661227635566,-0.008331226505400255,31.494448513900945,53.233000000000004,-55.65,SI-01
40.344051361083984,2020-07-25 12:00:00,-0.8583765245162716,-0.3353613393895374,-0.06398056917914155,31.577134356696043,53.233000000000004,-55.65,SI-01
47.37369155883789,2020-07-25 12:00:00,-0.9865543701889159,-0.29178733810292623,-0.05544264428814304,31.72275846287376,53.233000000000004,-55.65,SI-01
55.76428985595703,2020-07-25 12:00:00,-1.1597419698722746,-0.2564058947704986,-0.05381023827069563,31.967999944094196,53.233000000000004,-55.65,SI-01
65.80726623535156,2020-07-25 12:00:00,nan,nan,nan,nan,53.233000000000004,-55.65,SI-01
77.85385131835938,2020-07-25 12:00:00,nan,nan,nan,nan,53.233000000000004,-55.65,SI-01
92.3260726928711,2020-07-25 12:00:00,nan,nan,nan,nan,53.233000000000004,-55.65,SI-01
109.72930145263672,2020-07-25 12:00:00,nan,nan,nan,nan,53.233000000000004,-55.65,SI-01
130.66600036621094,2020-07-25 12:00:00,nan,nan,nan,nan,53.233000000000004,-55.65,SI-01
155.85069274902344,2020-07-25 12:00:00,nan,nan,nan,nan,53.233000000000004,-55.65,SI-01
186.12559509277344,2020-07-25 12:00:00,nan,nan,nan,nan,53.233000000000004,-55.65,SI-01
222.47520446777344,2020-07-25 12:00:00,nan,nan,nan,nan,53.233000000000004,-55.65,SI-01
266.0403137207031,2020-07-25 12:00:00,nan,nan,nan,nan,53.233000000000004,-55.65,SI-01
318.1274108886719,2020-07-25 12:00:00,nan,nan,nan,nan,53.233000000000004,-55.65,SI-01
380.2130126953125,2020-07-25 12:00:00,nan,nan,nan,nan,53.233000000000004,-55.65,SI-01
453.9377136230469,2020-07-25 12:00:00,nan,nan,nan,nan,53.233000000000004,-55.65,SI-01
541.0889282226562,2020-07-25 12:00:00,nan,nan,nan,nan,53.233000000000004,-55.65,SI-01
643.5667724609375,2020-07-25 12:00:00,nan,nan,nan,nan,53.233000000000004,-55.65,SI-01
763.3331298828125,2020-07-25 12:00:00,nan,nan,nan,nan,53.233000000000004,-55.65,SI-01
902.3392944335938,2020-07-25 12:00:00,nan,nan,nan,nan,53.233000000000004,-55.65,SI-01
1062.43994140625,2020-07-25 12:00:00,nan,nan,nan,nan,53.233000000000004,-55.65,SI-01
1245.291015625,2020-07-25 12:00:00,nan,nan,nan,nan,53.233000000000004,-55.65,SI-01
1452.2509765625,2020-07-25 12:00:00,nan,nan,nan,nan,53.233000000000004,-55.65,SI-01
1684.2840576171875,2020-07-25 12:00:00,nan,nan,nan,nan,53.233000000000004,-55.65,SI-01
1941.8929443359375,2020-07-25 12:00:00,nan,nan,nan,nan,53.233000000000004,-55.65,SI-01
2225.077880859375,2020-07-25 12:00:00,nan,nan,nan,nan,53.233000000000004,-55.65,SI-01
2533.3359375,2020-07-25 12:00:00,nan,nan,nan,nan,53.233000000000004,-55.65,SI-01
2865.702880859375,2020-07-25 12:00:00,nan,nan,nan,nan,53.233000000000004,-55.65,SI-01
3220.820068359375,2020-07-25 12:00:00,nan,nan,nan,nan,53.233000000000004,-55.65,SI-01
3597.031982421875,2020-07-25 12:00:00,nan,nan,nan,nan,53.233000000000004,-55.65,SI-01
3992.48388671875,2020-07-25 12:00:00,nan,nan,nan,nan,53.233000000000004,-55.65,SI-01
4405.22412109375,2020-07-25 12:00:00,nan,nan,nan,nan,53.233000000000004,-55.65,SI-01
4833.291015625,2020-07-25 12:00:00,nan,nan,nan,nan,53.233000000000004,-55.65,SI-01
5274.7841796875,2020-07-25 12:00:00,nan,nan,nan,nan,53.233000000000004,-55.65,SI-01
5727.9169921875,2020-07-25 12:00:00,nan,nan,nan,nan,53.233000000000004,-55.65,SI-01
0.49402499198913574,2020-07-25 12:00:00,8.746368715307124,-0.4108448178727452,0.06587863293266927,30.069941884182935,53.333,-55.5,SI-02
1.5413750410079956,2020-07-25 12:00:00,8.6943327507157,-0.420610740895969,0.06648656720681666,30.074519520901685,53.333,-55.5,SI-02
2.6456689834594727,2020-07-25 12:00:00,8.45631523262595,-0.4334260788897681,0.06404508645101067,30.094357854031568,53.333,-55.5,SI-02
3.8194949626922607,2020-07-25 12:00:00,7.859414144475217,-0.454781742600441,0.05367122915363941,30.155393017881973,53.333,-55.5,SI-02
5.078224182128906,2020-07-25 12:00:00,7.096288432240067,-0.4724703133477968,0.035972925878404484,30.246949559353833,53.333,-55.5,SI-02
6.440614223480225,2020-07-25 12:00:00,6.3126840930665455,-0.48161126186911546,0.015227636067128788,30.35833037355667,53.333,-55.5,SI-02
7.92956018447876,2020-07-25 12:00:00,5.548876528085478,-0.4834253506565291,-0.0042944811618855746,30.477340582290758,53.333,-55.5,SI-02
9.572997093200684,2020-07-25 12:00:00,4.802661684685429,-0.4797460966862648,-0.020151945052832635,30.600928427743597,53.333,-55.5,SI-02
11.404999732971191,2020-07-25 12:00:00,4.063038630559973,-0.4736302412403833,-0.031731953212402554,30.729093909915182,53.333,-55.5,SI-02
13.467140197753906,2020-07-25 12:00:00,3.2962926186102144,-0.46629608499731495,-0.03782106187576739,30.86184310913086,53.333,-55.5,SI-02
15.810070037841797,2020-07-25 12:00:00,2.5331766195180725,-0.45897162782873585,-0.04024551720106492,30.999176025390625,53.333,-55.5,SI-02
18.495559692382812,2020-07-25 12:00:00,1.8051701659269201,-0.4522624165227631,-0.04023092397491484,31.14109265869448,53.333,-55.5,SI-02
21.598819732666016,2020-07-25 12:00:00,1.1386657163355054,-0.4425183832645416,-0.03839251679498532,31.2875705950897,53.333,-55.5,SI-02
25.211410522460938,2020-07-25 12:00:00,0.5402715449470543,-0.42791084624833137,-0.03595103603917935,31.44470953550402,53.333,-55.5,SI-02
29.444730758666992,2020-07-25 12:00:00,-0.012727055371803745,-0.4157107538796259,-0.03412478988104157,31.61100565670447,53.333,-55.5,SI-02
34.43415069580078,2020-07-25 12:00:00,-0.48797027974511226,-0.4039969707550566,-0.03539417434611151,31.774321076647862,53.333,-55.5,SI-02
40.344051361083984,2020-07-25 12:00:00,-0.8682341824773141,-0.39046180221515403,-0.03542092859405334,31.942258602936008,53.333,-55.5,SI-02
47.37369155883789,2020-07-25 12:00:00,-1.103040010115851,-0.33872870433058216,-0.016514045962707162,32.146689536142034,53.333,-55.5,SI-02
55.76428985595703,2020-07-25 12:00:00,-1.249904708758925,-0.3319562556222251,-0.00982429592782422,32.31453168457338,53.333,-55.5,SI-02
65.80726623535156,2020-07-25 12:00:00,-1.2765287368016538,-0.2880460850385593,-0.014038514345884323,32.54951477050781,53.333,-55.5,SI-02
77.85385131835938,2020-07-25 12:00:00,-1.2670568678814205,-0.2434866327808768,-0.011028010875218772,32.72197103760995,53.333,-55.5,SI-02
92.3260726928711,2020-07-25 12:00:00,-1.1754438550345325,-0.18063309284942197,-0.028050274443826823,32.93879331917478,53.333,-55.5,SI-02
109.72930145263672,2020-07-25 12:00:00,nan,nan,nan,nan,53.333,-55.5,SI-02
130.66600036621094,2020-07-25 12:00:00,nan,nan,nan,nan,53.333,-55.5,SI-02
155.85069274902344,2020-07-25 12:00:00,nan,nan,nan,nan,53.333,-55.5,SI-02
186.12559509277344,2020-07-25 12:00:00,nan,nan,nan,nan,53.333,-55.5,SI-02
222.47520446777344,2020-07-25 12:00:00,nan,nan,nan,nan,53.333,-55.5,SI-02
266.0403137207031,2020-07-25 12:00:00,nan,nan,nan,nan,53.333,-55.5,SI-02
318.1274108886719,2020-07-25 12:00:00,nan,nan,nan,nan,53.333,-55.5,SI-02
380.2130126953125,2020-07-25 12:00:00,nan,nan,nan,nan,53.333,-55.5,SI-02
453.9377136230469,2020-07-25 12:00:00,nan,nan,nan,nan,53.333,-55.5,SI-02
541.0889282226562,2020-07-25 12:00:00,nan,nan,nan,nan,53.333,-55.5,SI-02
643.5667724609375,2020-07-25 12:00:00,nan,nan,nan,nan,53.333,-55.5,SI-02
763.3331298828125,2020-07-25 12:00:00,nan,nan,nan,nan,53.333,-55.5,SI-02
902.3392944335938,2020-07-25 12:00:00,nan,nan,nan,nan,53.333,-55.5,SI-02
1062.43994140625,2020-07-25 12:00:00,nan,nan,nan,nan,53.333,-55.5,SI-02
1245.291015625,2020-07-25 12:00:00,nan,nan,nan,nan,53.333,-55.5,SI-02
1452.2509765625,2020-07-25 12:00:00,nan,nan,nan,nan,53.333,-55.5,SI-02
1684.2840576171875,2020-07-25 12:00:00,nan,nan,nan,nan,53.333,-55.5,SI-02
1941.8929443359375,2020-07-25 12:00:00,nan,nan,nan,nan,53.333,-55.5,SI-02
2225.077880859375,2020-07-25 12:00:00,nan,nan,nan,nan,53.333,-55.5,SI-02
2533.3359375,2020-07-25 12:00:00,nan,nan,nan,nan,53.333,-55.5,SI-02
2865.702880859375,2020-07-25 12:00:00,nan,nan,nan,nan,53.333,-55.5,SI-02
3220.820068359375,2020-07-25 12:00:00,nan,nan,nan,nan,53.333,-55.5,SI-02
3597.031982421875,2020-07-25 12:00:00,nan,nan,nan,nan,53.333,-55.5,SI-02
3992.48388671875,2020-07-25 12:00:00,nan,nan,nan,nan,53.333,-55.5,SI-02
4405.22412109375,2020-07-25 12:00:00,nan,nan,nan,nan,53.333,-55.5,SI-02
4833.291015625,2020-07-25 12:00:00,nan,nan,nan,nan,53.333,-55.5,SI-02
5274.7841796875,2020-07-25 12:00:00,nan,nan,nan,nan,53.333,-55.5,SI-02
5727.9169921875,2020-07-25 12:00:00,nan,nan,nan,nan,53.333,-55.5,SI-02
0.49402499198913574,2020-07-25 12:00:00,8.649058169275527,-0.39562667842716204,0.0886725071991405,30.499410151026616,53.41,-55.357,SI-03
1.5413750410079956,2020-07-25 12:00:00,8.630582860105475,-0.40544143910559166,0.08886695229882674,30.50233981896944,53.41,-55.357,SI-03
2.6456689834594727,2020-07-25 12:00:00,8.48837129646652,-0.4151585244736098,0.08745176935543095,30.516955852222416,53.41,-55.357,SI-03
3.8194949626922607,2020-07-25 12:00:00,8.120217136171851,-0.43254674289997996,0.08073769600986781,30.565105933954815,53.41,-55.357,SI-03
5.078224182128906,2020-07-25 12:00:00,7.5663190922018,-0.4499838115028974,0.06666421289961692,30.65161267205279,53.41,-55.357,SI-03
6.440614223480225,2020-07-25 12:00:00,6.947101323611069,-0.45991655789320435,0.0495738490894887,30.764751496646536,53.41,-55.357,SI-03
7.92956018447876,2020-07-25 12:00:00,6.310933716014854,-0.46146361812577075,0.03259412536322412,30.89410824528668,53.41,-55.357,SI-03
9.572997093200684,2020-07-25 12:00:00,5.666534742507956,-0.4559840892266476,0.01913824089754575,31.030991367692373,53.41,-55.357,SI-03
11.404999732971191,2020-07-25 12:00:00,5.007513299053514,-0.44619700208524066,0.009968817908900598,31.17316444982071,53.41,-55.357,SI-03
13.467140197753906,2020-07-25 12:00:00,4.30012692786334,-0.43435661475738896,0.005280302683744638,31.31833875337135,53.41,-55.357,SI-03
15.810070037841797,2020-07-25 12:00:00,3.566566007407663,-0.42295324223468667,0.004143367027920428,31.46488330852902,53.41,-55.357,SI-03
18.495559692382812,2020-07-25 12:00:00,2.825028909522886,-0.41214637117431374,0.004851412093323463,31.614095735091425,53.41,-55.357,SI-03
21.598819732666016,2020-07-25 12:00:00,2.0913374393465003,-0.4026783066938216,0.006343176504653732,31.763655926442073,53.41,-55.357,SI-03
25.211410522460938,2020-07-25 12:00:00,1.383071320177691,-0.3923159018391999,0.007224570727032508,31.916385886214897,53.41,-55.357,SI-03
29.444730758666992,2020-07-25 12:00:00,0.7203526433330377,-0.37986590397194836,0.007336115757856817,32.07615557166795,53.41,-55.357,SI-03
34.43415069580078,2020-07-25 12:00:00,0.13424434467238727,-0.364565173371163,0.006628974158900889,32.24458005517706,53.41,-55.357,SI-03
40.344051361083984,2020-07-25 12:00:00,-0.33685758952740497,-0.34661386143514306,0.005076309087866296,32.42420627778533,53.41,-55.357,SI-03
47.37369155883789,2020-07-25 12:00:00,-0.6680874817576631,-0.31731223067638764,0.004785869340546404,32.61686981945598,53.41,-55.357,SI-03
55.76428985595703,2020-07-25 12:00:00,-0.8820811748237147,-0.28847936160024057,0.00536876301200282,32.81761559206202,53.41,-55.357,SI-03
65.80726623535156,2020-07-25 12:00:00,-0.9676089483883019,-0.26260049151296394,0.009279424121356322,33.00285949446461,53.41,-55.357,SI-03
77.85385131835938,2020-07-25 12:00:00,-0.9157605277113082,-0.2320330996956717,0.00857279701427724,33.18500960524205,53.41,-55.357,SI-03
92.3260726928711,2020-07-25 12:00:00,-0.7347837727819888,-0.19699110488813942,0.002168788731401906,33.38676647824255,53.41,-55.357,SI-03
109.72930145263672,2020-07-25 12:00:00,-0.4594709399355763,-0.1528631273072614,0.0030081269687640814,33.6069719857601,53.41,-55.357,SI-03
130.66600036621094,2020-07-25 12:00:00,-0.17341566317400758,-0.13071258597638546,0.0022235603697309987,33.794100901818474,53.41,-55.357,SI-03
155.85069274902344,2020-07-25 12:00:00,nan,nan,nan,nan,53.41,-55.357,SI-03
186.12559509277344,2020-07-25 12:00:00,nan,nan,nan,nan,53.41,-55.357,SI-03
222.47520446777344,2020-07-25 12:00:00,nan,nan,nan,nan,53.41,-55.357,SI-03
266.0403137207031,2020-07-25 12:00:00,nan,nan,nan,nan,53.41,-55.357,SI-03
318.1274108886719,2020-07-25 12:00:00,nan,nan,nan,nan,53.41,-55.357,SI-03
380.2130126953125,2020-07-25 12:00:00,nan,nan,nan,nan,53.41,-55.357,SI-03
453.9377136230469,2020-07-25 12:00:00,nan,nan,nan,nan,53.41,-55.357,SI-03
541.0889282226562,2020-07-25 12:00:00,nan,nan,nan,nan,53.41,-55.357,SI-03
643.5667724609375,2020-07-25 12:00:00,nan,nan,nan,nan,53.41,-55.357,SI-03
763.3331298828125,2020-07-25 12:00:00,nan,nan,nan,nan,53.41,-55.357,SI-03
902.3392944335938,2020-07-25 12:00:00,nan,nan,nan,nan,53.41,-55.357,SI-03
1062.43994140625,2020-07-25 12:00:00,nan,nan,nan,nan,53.41,-55.357,SI-03
1245.291015625,2020-07-25 12:00:00,nan,nan,nan,nan,53.41,-55.357,SI-03
1452.2509765625,2020-07-25 12:00:00,nan,nan,nan,nan,53.41,-55.357,SI-03
1684.2840576171875,2020-07-25 12:00:00,nan,nan,nan,nan,53.41,-55.357,SI-03
1941.8929443359375,2020-07-25 12:00:00,nan,nan,nan,nan,53.41,-55.357,SI-03
2225.077880859375,2020-07-25 12:00:00,nan,nan,nan,nan,53.41,-55.357,SI-03
2533.3359375,2020-07-25 12:00:00,nan,nan,nan,nan,53.41,-55.357,SI-03
2865.702880859375,2020-07-25 12:00:00,nan,nan,nan,nan,53.41,-55.357,SI-03
3220.820068359375,2020-07-25 12:00:00,nan,nan,nan,nan,53.41,-55.357,SI-03
3597.031982421875,2020-07-25 12:00:00,nan,nan,nan,nan,53.41,-55.357,SI-03
3992.48388671875,2020-07-25 12:00:00,nan,nan,nan,nan,53.41,-55.357,SI-03
4405.22412109375,2020-07-25 12:00:00,nan,nan,nan,nan,53.41,-55.357,SI-03
4833.291015625,2020-07-25 12:00:00,nan,nan,nan,nan,53.41,-55.357,SI-03
5274.7841796875,2020-07-25 12:00:00,nan,nan,nan,nan,53.41,-55.357,SI-03
5727.9169921875,2020-07-25 12:00:00,nan,nan,nan,nan,53.41,-55.357,SI-03
0.49402499198913574,2020-07-25 12:00:00,9.119705177599904,-0.17830192239131776,0.0731132265444024,31.659855645540866,53.533,-55.145,SI-04
1.5413750410079956,2020-07-25 12:00:00,9.100910493690547,-0.18816369910511416,0.0734488802836158,31.66251066366221,53.533,-55.145,SI-04
2.6456689834594727,2020-07-25 12:00:00,8.966320061220822,-0.19767506868689255,0.07150366371425436,31.677837367614746,53.533,-55.145,SI-04
3.8194949626922607,2020-07-25 12:00:00,8.6643644436854,-0.2130570061425922,0.06365804563183985,31.721417046857866,53.533,-55.145,SI-04
5.078224182128906,2020-07-25 12:00:00,8.215844341042995,-0.22876792619399836,0.048689362720633914,31.796856709681588,53.533,-55.145,SI-04
6.440614223480225,2020-07-25 12:00:00,7.713010714868519,-0.23736930126681954,0.029962609340133693,31.88702429854603,53.533,-55.145,SI-04
7.92956018447876,2020-07-25 12:00:00,7.202401127152506,-0.23857479910905144,0.011917646643571351,31.97367392423511,53.533,-55.145,SI-04
9.572997093200684,2020-07-25 12:00:00,6.689737665334139,-0.23373944469823843,-0.0031200609168672124,32.04883900708442,53.533,-55.145,SI-04
11.404999732971191,2020-07-25 12:00:00,6.155111857980741,-0.22502032921214338,-0.013561113057358545,32.11392276309866,53.533,-55.145,SI-04
13.467140197753906,2020-07-25 12:00:00,5.558489406883927,-0.21421553703893687,-0.019868111474982873,32.1743075990375,53.533,-55.145,SI-04
15.810070037841797,2020-07-25 12:00:00,4.878235011251181,-0.2028718085063322,-0.022321180207692838,32.23670852440927,53.533,-55.145,SI-04
18.495559692382812,2020-07-25 12:00:00,4.10620658526933,-0.19262120447995762,-0.021228045201978837,32.30779789198825,53.533,-55.145,SI-04
21.598819732666016,2020-07-25 12:00:00,3.2553888730783256,-0.18361150969770645,-0.018513758815855097,32.3929378142725,53.533,-55.145,SI-04
25.211410522460938,2020-07-25 12:00:00,2.3659428593533844,-0.17637006748699782,-0.01554491743465294,32.49402290716918,53.533,-55.145,SI-04
29.444730758666992,2020-07-25 12:00:00,1.5006829273196365,-0.16903469742535815,-0.013027745522926546,32.61362959903708,53.533,-55.145,SI-04
34.43415069580078,2020-07-25 12:00:00,0.7262295928469336,-0.160814240095332,-0.01121679807575435,32.75041809134317,53.533,-55.145,SI-04
40.344051361083984,2020-07-25 12:00:00,0.10411277463032423,-0.15112039599468605,-0.009519955539424195,32.90380163672452,53.533,-55.145,SI-04
47.37369155883789,2020-07-25 12:00:00,-0.3186915751146959,-0.13969128697249825,-0.00782311300309404,33.06859619130253,53.533,-55.145,SI-04
55.76428985595703,2020-07-25 12:00:00,-0.5249516000087419,-0.1266397796901583,-0.0058736279561284015,33.23493602615976,53.533,-55.145,SI-04
65.80726623535156,2020-07-25 12:00:00,-0.5261702009144469,-0.1120117131380993,-0.0035353198835600132,33.394557220187444,53.533,-55.145,SI-04
77.85385131835938,2020-07-25 12:00:00,-0.3866282272310449,-0.09720669810707266,2.1816082468416884e-05,33.5468831688735,53.533,-55.145,SI-04
92.3260726928711,2020-07-25 12:00:00,-0.18648931353880363,-0.08280017889647504,0.004252168681321359,33.69639869310634,53.533,-55.145,SI-04
109.72930145263672,2020-07-25 12:00:00,0.04197549184851916,-0.06917240728982024,0.008612039136806224,33.842545029494715,53.533,-55.145,SI-04
130.66600036621094,2020-07-25 12:00:00,0.2643090918690404,-0.05799277752235216,0.010463757423726216,33.956172231689884,53.533,-55.145,SI-04
155.85069274902344,2020-07-25 12:00:00,0.6088818521116589,-0.04767096676018783,0.015569847052992945,34.10237704930674,53.533,-55.145,SI-04
186.12559509277344,2020-07-25 12:00:00,0.9724318595077456,-0.04959889281189156,0.01648160474926213,34.22565939009436,53.533,-55.145,SI-04
222.47520446777344,2020-07-25 12:00:00,nan,nan,nan,nan,53.533,-55.145,SI-04
266.0403137207031,2020-07-25 12:00:00,nan,nan,nan,nan,53.533,-55.145,SI-04
318.1274108886719,2020-07-25 12:00:00,nan,nan,nan,nan,53.533,-55.145,SI-04
380.2130126953125,2020-07-25 12:00:00,nan,nan,nan,nan,53.533,-55.145,SI-04
453.9377136230469,2020-07-25 12:00:00,nan,nan,nan,nan,53.533,-55.145,SI-04
541.0889282226562,2020-07-25 12:00:00,nan,nan,nan,nan,53.533,-55.145,SI-04
643.5667724609375,2020-07-25 12:00:00,nan,nan,nan,nan,53.533,-55.145,SI-04
763.3331298828125,2020-07-25 12:00:00,nan,nan,nan,nan,53.533,-55.145,SI-04
902.3392944335938,2020-07-25 12:00:00,nan,nan,nan,nan,53.533,-55.145,SI-04
1062.43994140625,2020-07-25 12:00:00,nan,nan,nan,nan,53.533,-55.145,SI-04
1245.291015625,2020-07-25 12:00:00,nan,nan,nan,nan,53.533,-55.145,SI-04
1452.2509765625,2020-07-25 12:00:00,nan,nan,nan,nan,53.533,-55.145,SI-04
1684.2840576171875,2020-07-25 12:00:00,nan,nan,nan,nan,53.533,-55.145,SI-04
1941.8929443359375,2020-07-25 12:00:00,nan,nan,nan,nan,53.533,-55.145,SI-04
2225.077880859375,2020-07-25 12:00:00,nan,nan,nan,nan,53.533,-55.145,SI-04
2533.3359375,2020-07-25 12:00:00,nan,nan,nan,nan,53.533,-55.145,SI-04
2865.702880859375,2020-07-25 12:00:00,nan,nan,nan,nan,53.533,-55.145,SI-04
3220.820068359375,2020-07-25 12:00:00,nan,nan,nan,nan,53.533,-55.145,SI-04
3597.031982421875,2020-07-25 12:00:00,nan,nan,nan,nan,53.533,-55.145,SI-04
3992.48388671875,2020-07-25 12:00:00,nan,nan,nan,nan,53.533,-55.145,SI-04
4405.22412109375,2020-07-25 12:00:00,nan,nan,nan,nan,53.533,-55.145,SI-04
4833.291015625,2020-07-25 12:00:00,nan,nan,nan,nan,53.533,-55.145,SI-04
5274.7841796875,2020-07-25 12:00:00,nan,nan,nan,nan,53.533,-55.145,SI-04
5727.9169921875,2020-07-25 12:00:00,nan,nan,nan,nan,53.533,-55.145,SI-04
0.49402499198913574,2020-07-25 12:00:00,8.397767045736032,-0.11023267358541684,-0.004001567289233423,32.10535040498053,53.617,-55.0,SI-05
1.5413750410079956,2020-07-25 12:00:00,8.384131317853907,-0.12060897496340672,-0.003144605755806204,32.10535040498053,53.617,-55.0,SI-05
2.6456689834594727,2020-07-25 12:00:00,8.268686088323836,-0.1291541531682034,-0.0037549759447576964,32.10901862234137,53.617,-55.0,SI-05
3.8194949626922607,2020-07-25 12:00:00,8.053672985556057,-0.14014082100985448,-0.007170605733990924,32.11603155732428,53.617,-55.0,SI-05
5.078224182128906,2020-07-25 12:00:00,7.714809061050241,-0.1541793271899243,-0.014248456656933105,32.12944096774177,53.617,-55.0,SI-05
6.440614223480225,2020-07-25 12:00:00,7.2804465756415,-0.16749028313162317,-0.025352307558060005,32.14895389378425,53.617,-55.0,SI-05
7.92956018447876,2020-07-25 12:00:00,6.797291158676321,-0.17616487628220606,-0.037923490181565614,32.175482028358054,53.617,-55.0,SI-05
9.572997093200684,2020-07-25 12:00:00,6.283639651538009,-0.17995649904012861,-0.05074126414954695,32.20811140500845,53.617,-55.0,SI-05
11.404999732971191,2020-07-25 12:00:00,5.735083432197657,-0.17874797350167307,-0.06233829551936321,32.250190556054804,53.617,-55.0,SI-05
13.467140197753906,2020-07-25 12:00:00,5.123943273544135,-0.17326685893537958,-0.07113007545471223,32.302951591844426,53.617,-55.0,SI-05
15.810070037841797,2020-07-25 12:00:00,4.436556219811819,-0.1650976766347682,-0.07589584574103383,32.37097068429703,53.617,-55.0,SI-05
18.495559692382812,2020-07-25 12:00:00,3.671035198925157,-0.15607152914999972,-0.07675280949472316,32.45304691904416,53.617,-55.0,SI-05
21.598819732666016,2020-07-25 12:00:00,2.8517495732316607,-0.14790233796833993,-0.07394754767417931,32.548857605096416,53.617,-55.0,SI-05
25.211410522460938,2020-07-25 12:00:00,2.030746410128552,-0.1407072928846114,-0.0699215499162567,32.656875322398676,53.617,-55.0,SI-05
29.444730758666992,2020-07-25 12:00:00,1.2704109790309244,-0.1341226320266409,-0.06589554771780987,32.77739303076051,53.617,-55.0,SI-05
34.43415069580078,2020-07-25 12:00:00,0.6269397363667106,-0.1265638133287551,-0.06162295417488732,32.912846028446076,53.617,-55.0,SI-05
40.344051361083984,2020-07-25 12:00:00,0.14060617756636534,-0.11717388620971653,-0.05685718238353753,33.064174274742484,53.617,-55.0,SI-05
47.37369155883789,2020-07-25 12:00:00,-0.16482925200328746,-0.1059528478085896,-0.051481038182974136,33.22530479395391,53.617,-55.0,SI-05
55.76428985595703,2020-07-25 12:00:00,-0.28889843917003766,-0.09351106458903546,-0.04561171129345929,33.38494151533715,53.617,-55.0,SI-05
65.80726623535156,2020-07-25 12:00:00,-0.2556202068313076,-0.080341728121054,-0.038768235370517184,33.52782484108034,53.617,-55.0,SI-05
77.85385131835938,2020-07-25 12:00:00,-0.11706269621645393,-0.06717239165307255,-0.03156098060309932,33.6538906853772,53.617,-55.0,SI-05
92.3260726928711,2020-07-25 12:00:00,0.07005048203567182,-0.054003057405353196,-0.022522615268826974,33.774438933668215,53.617,-55.0,SI-05
109.72930145263672,2020-07-25 12:00:00,0.3017993245134048,-0.042054461315274724,-0.011277144178748737,33.90511295461302,53.617,-55.0,SI-05
130.66600036621094,2020-07-25 12:00:00,0.6158918840889808,-0.030223052725196296,-0.0021093750000007044,34.041042151683264,53.617,-55.0,SI-05
155.85069274902344,2020-07-25 12:00:00,0.9027841668160927,-0.014050730690359971,-0.001418466344476118,34.15243285298839,53.617,-55.0,SI-05
186.12559509277344,2020-07-25 12:00:00,1.1733280212882973,-0.0052589567005633525,0.004673019200563157,34.23366228938485,53.617,-55.0,SI-05
222.47520446777344,2020-07-25 12:00:00,nan,nan,nan,nan,53.617,-55.0,SI-05
266.0403137207031,2020-07-25 12:00:00,nan,nan,nan,nan,53.617,-55.0,SI-05
318.1274108886719,2020-07-25 12:00:00,nan,nan,nan,nan,53.617,-55.0,SI-05
380.2130126953125,2020-07-25 12:00:00,nan,nan,nan,nan,53.617,-55.0,SI-05
453.9377136230469,2020-07-25 12:00:00,nan,nan,nan,nan,53.617,-55.0,SI-05
541.0889282226562,2020-07-25 12:00:00,nan,nan,nan,nan,53.617,-55.0,SI-05
643.5667724609375,2020-07-25 12:00:00,nan,nan,nan,nan,53.617,-55.0,SI-05
763.3331298828125,2020-07-25 12:00:00,nan,nan,nan,nan,53.617,-55.0,SI-05
902.3392944335938,2020-07-25 12:00:00,nan,nan,nan,nan,53.617,-55.0,SI-05
1062.43994140625,2020-07-25 12:00:00,nan,nan,nan,nan,53.617,-55.0,SI-05
1245.291015625,2020-07-25 12:00:00,nan,nan,nan,nan,53.617,-55.0,SI-05
1452.2509765625,2020-07-25 12:00:00,nan,nan,nan,nan,53.617,-55.0,SI-05
1684.2840576171875,2020-07-25 12:00:00,nan,nan,nan,nan,53.617,-55.0,SI-05
1941.8929443359375,2020-07-25 12:00:00,nan,nan,nan,nan,53.617,-55.0,SI-05
2225.077880859375,2020-07-25 12:00:00,nan,nan,nan,nan,53.617,-55.0,SI-05
2533.3359375,2020-07-25 12:00:00,nan,nan,nan,nan,53.617,-55.0,SI-05
2865.702880859375,2020-07-25 12:00:00,nan,nan,nan,nan,53.617,-55.0,SI-05
3220.820068359375,2020-07-25 12:00:00,nan,nan,nan,nan,53.617,-55.0,SI-05
3597.031982421875,2020-07-25 12:00:00,nan,nan,nan,nan,53.617,-55.0,SI-05
3992.48388671875,2020-07-25 12:00:00,nan,nan,nan,nan,53.617,-55.0,SI-05
4405.22412109375,2020-07-25 12:00:00,nan,nan,nan,nan,53.617,-55.0,SI-05
4833.291015625,2020-07-25 12:00:00,nan,nan,nan,nan,53.617,-55.0,SI-05
5274.7841796875,2020-07-25 12:00:00,nan,nan,nan,nan,53.617,-55.0,SI-05
5727.9169921875,2020-07-25 12:00:00,nan,nan,nan,nan,53.617,-55.0,SI-05
0.49402499198913574,2020-07-25 12:00:00,8.218267903269817,-0.02075640789228592,-0.039433002733030825,32.2224085758889,53.757,-54.777,SI-06
1.5413750410079956,2020-07-25 12:00:00,8.2048794390398,-0.031132701104461296,-0.03816099047690916,32.2224085758889,53.757,-54.777,SI-06
2.6456689834594727,2020-07-25 12:00:00,8.09404693999896,-0.040288255044355556,-0.03778304278299284,32.2250098856103,53.757,-54.777,SI-06
3.8194949626922607,2020-07-25 12:00:00,7.907924023239714,-0.05026998721635624,-0.03961415334984732,32.23016877745024,53.757,-54.777,SI-06
5.078224182128906,2020-07-25 12:00:00,7.6180716919036096,-0.06384462356829321,-0.04365528805921633,32.23986469196256,53.757,-54.777,SI-06
6.440614223480225,2020-07-25 12:00:00,7.22909367398437,-0.07732403497531375,-0.05116088094345072,32.255576343746824,53.757,-54.777,SI-06
7.92956018447876,2020-07-25 12:00:00,6.784636046656752,-0.08834536452581593,-0.06073000688957475,32.27842299775289,53.757,-54.777,SI-06
9.572997093200684,2020-07-25 12:00:00,6.309650829085204,-0.09468148330141359,-0.07133872370240718,32.3078284960307,53.757,-54.777,SI-06
11.404999732971191,2020-07-25 12:00:00,5.810221170983017,-0.09598815980859597,-0.08135368024553286,32.34625621140643,53.757,-54.777,SI-06
13.467140197753906,2020-07-25 12:00:00,5.2688805798655185,-0.09322000061742394,-0.08957218969482454,32.395366427898196,53.757,-54.777,SI-06
15.810070037841797,2020-07-25 12:00:00,4.671865201441975,-0.08716757091905687,-0.09436089648187544,32.45668479279265,53.757,-54.777,SI-06
18.495559692382812,2020-07-25 12:00:00,4.0060169328639645,-0.07984312865163896,-0.09510847126596389,32.53219017551344,53.757,-54.777,SI-06
21.598819732666016,2020-07-25 12:00:00,3.2784693136708536,-0.07325893531177034,-0.09260739310178735,32.622371050514005,53.757,-54.777,SI-06
25.211410522460938,2020-07-25 12:00:00,2.5256307798061934,-0.0679120947932224,-0.08843734905807339,32.72602949743166,53.757,-54.777,SI-06
29.444730758666992,2020-07-25 12:00:00,1.798411625523953,-0.06322689503344155,-0.08369159125341018,32.84393498508738,53.757,-54.777,SI-06
34.43415069580078,2020-07-25 12:00:00,1.1571601432691343,-0.057766789021163556,-0.07858449506286955,32.97802327292523,53.757,-54.777,SI-06
40.344051361083984,2020-07-25 12:00:00,0.6464378117087896,-0.050148895723492765,-0.07324497558460104,33.1257639301986,53.757,-54.777,SI-06
47.37369155883789,2020-07-25 12:00:00,0.2866993416467453,-0.04094796061150481,-0.06609096150540483,33.28453475029229,53.757,-54.777,SI-06
55.76428985595703,2020-07-25 12:00:00,0.08653517272824912,-0.03011271221254342,-0.058042885963435244,33.44310801372266,53.757,-54.777,SI-06
65.80726623535156,2020-07-25 12:00:00,0.04635675443898449,-0.018960544654883418,-0.04906848363583138,33.588650111955374,53.757,-54.777,SI-06
77.85385131835938,2020-07-25 12:00:00,0.14862586567548025,-0.007464123057754969,-0.039467098887396905,33.719916204092954,53.757,-54.777,SI-06
92.3260726928711,2020-07-25 12:00:00,0.3683437236198529,0.004659281070352048,-0.029290969367946288,33.84067810197394,53.757,-54.777,SI-06
109.72930145263672,2020-07-25 12:00:00,0.718186843463747,0.016258743335267875,-0.017610405097338824,33.97482236248342,53.757,-54.777,SI-06
130.66600036621094,2020-07-25 12:00:00,1.3412423262412831,0.024389411398428686,-0.005831164126789897,34.17177264797201,53.757,-54.777,SI-06
155.85069274902344,2020-07-25 12:00:00,nan,nan,nan,nan,53.757,-54.777,SI-06
186.12559509277344,2020-07-25 12:00:00,nan,nan,nan,nan,53.757,-54.777,SI-06
222.47520446777344,2020-07-25 12:00:00,nan,nan,nan,nan,53.757,-54.777,SI-06
266.0403137207031,2020-07-25 12:00:00,nan,nan,nan,nan,53.757,-54.777,SI-06
318.1274108886719,2020-07-25 12:00:00,nan,nan,nan,nan,53.757,-54.777,SI-06
380.2130126953125,2020-07-25 12:00:00,nan,nan,nan,nan,53.757,-54.777,SI-06
453.9377136230469,2020-07-25 12:00:00,nan,nan,nan,nan,53.757,-54.777,SI-06
541.0889282226562,2020-07-25 12:00:00,nan,nan,nan,nan,53.757,-54.777,SI-06
643.5667724609375,2020-07-25 12:00:00,nan,nan,nan,nan,53.757,-54.777,SI-06
763.3331298828125,2020-07-25 12:00:00,nan,nan,nan,nan,53.757,-54.777,SI-06
902.3392944335938,2020-07-25 12:00:00,nan,nan,nan,nan,53.757,-54.777,SI-06
1062.43994140625,2020-07-25 12:00:00,nan,nan,nan,nan,53.757,-54.777,SI-06
1245.291015625,2020-07-25 12:00:00,nan,nan,nan,nan,53.757,-54.777,SI-06
1452.2509765625,2020-07-25 12:00:00,nan,nan,nan,nan,53.757,-54.777,SI-06
1684.2840576171875,2020-07-25 12:00:00,nan,nan,nan,nan,53.757,-54.777,SI-06
1941.8929443359375,2020-07-25 12:00:00,nan,nan,nan,nan,53.757,-54.777,SI-06
2225.077880859375,2020-07-25 12:00:00,nan,nan,nan,nan,53.757,-54.777,SI-06
2533.3359375,2020-07-25 12:00:00,nan,nan,nan,nan,53.757,-54.777,SI-06
2865.702880859375,2020-07-25 12:00:00,nan,nan,nan,nan,53.757,-54.777,SI-06
3220.820068359375,2020-07-25 12:00:00,nan,nan,nan,nan,53.757,-54.777,SI-06
3597.031982421875,2020-07-25 12:00:00,nan,nan,nan,nan,53.757,-54.777,SI-06
3992.48388671875,2020-07-25 12:00:00,nan,nan,nan,nan,53.757,-54.777,SI-06
4405.22412109375,2020-07-25 12:00:00,nan,nan,nan,nan,53.757,-54.777,SI-06
4833.291015625,2020-07-25 12:00:00,nan,nan,nan,nan,53.757,-54.777,SI-06
5274.7841796875,2020-07-25 12:00:00,nan,nan,nan,nan,53.757,-54.777,SI-06
5727.9169921875,2020-07-25 12:00:00,nan,nan,nan,nan,53.757,-54.777,SI-06
0.49402499198913574,2020-07-25 12:00:00,7.888249876200892,0.00785211750818558,0.02324514347168201,32.263857673851426,53.917,-54.5,SI-07
1.5413750410079956,2020-07-25 12:00:00,7.872851505488915,-0.0019162377193966444,0.02507868624289483,32.263857673851426,53.917,-54.5,SI-07
2.6456689834594727,2020-07-25 12:00:00,7.75412529789354,-0.011071790553669029,0.025689056431846324,32.26691552719007,53.917,-54.5,SI-07
3.8194949626922607,2020-07-25 12:00:00,7.56734907916648,-0.02144565156148605,0.023860378069350194,32.27453884139599,53.917,-54.5,SI-07
5.078224182128906,2020-07-25 12:00:00,7.286119685459463,-0.03426342552946739,0.02019815693564124,32.28827175155224,53.917,-54.5,SI-07
6.440614223480225,2020-07-25 12:00:00,6.90237754999092,-0.04830193986050717,0.014096887250484667,32.30963405623974,53.917,-54.5,SI-07
7.92956018447876,2020-07-25 12:00:00,6.457851247217234,-0.060504479260509406,0.004335828635977484,32.337109756374026,53.917,-54.5,SI-07
9.572997093200684,2020-07-25 12:00:00,5.974501762963956,-0.06782892523837306,-0.006038032371839537,32.37373693044937,53.917,-54.5,SI-07
11.404999732971191,2020-07-25 12:00:00,5.4552256618053585,-0.07088077245784023,-0.016414325584014906,32.41951331283769,53.917,-54.5,SI-07
13.467140197753906,2020-07-25 12:00:00,4.87729165614419,-0.06904965816569544,-0.025565014009570595,32.4759928728414,53.917,-54.5,SI-07
15.810070037841797,2020-07-25 12:00:00,4.223850120692165,-0.06355633019042232,-0.031058345710134026,32.544681760124824,53.917,-54.5,SI-07
18.495559692382812,2020-07-25 12:00:00,3.4971100414315393,-0.056839825907597556,-0.03349739426158165,32.62711951771162,53.917,-54.5,SI-07
21.598819732666016,2020-07-25 12:00:00,2.734460860402774,-0.0501257538142866,-0.032884591868271806,32.721770371672946,53.917,-54.5,SI-07
25.211410522460938,2020-07-25 12:00:00,1.9930840254672053,-0.044629989939053906,-0.031051049097058983,32.82253691711076,53.917,-54.5,SI-07
29.444730758666992,2020-07-25 12:00:00,1.325027167840501,-0.040352534192832225,-0.029219938530204506,32.92940317867713,53.917,-54.5,SI-07
34.43415069580078,2020-07-25 12:00:00,0.7632803648079216,-0.03668544865040658,-0.028607136136894664,33.04085695678404,53.917,-54.5,SI-07
40.344051361083984,2020-07-25 12:00:00,0.3283397622452224,-0.03179762273007794,-0.028607136136894664,33.158408170190604,53.917,-54.5,SI-07
47.37369155883789,2020-07-25 12:00:00,0.03406197824580524,-0.02690736460539096,-0.028609568341253014,33.286591893338205,53.917,-54.5,SI-07
55.76428985595703,2020-07-25 12:00:00,-0.11965018048399022,-0.02140673629175249,-0.028004062561018218,33.419316771252525,53.917,-54.5,SI-07
65.80726623535156,2020-07-25 12:00:00,-0.1460057013597459,-0.015906107978114013,-0.02618268081159713,33.55505692502731,53.917,-54.5,SI-07
77.85385131835938,2020-07-25 12:00:00,-0.0647516627847171,-0.009797541679882397,-0.023138126479914714,33.68469964350244,53.917,-54.5,SI-07
92.3260726928711,2020-07-25 12:00:00,0.10729439886978703,-0.003688975381650778,-0.020701510132825438,33.79149674066119,53.917,-54.5,SI-07
109.72930145263672,2020-07-25 12:00:00,0.3327518048321989,0.0030323933098906804,-0.017661820209859715,33.87995896964358,53.917,-54.5,SI-07
130.66600036621094,2020-07-25 12:00:00,0.5999172788236218,0.007326874471776255,-0.012190378348521413,33.96535118463664,53.917,-54.5,SI-07
155.85069274902344,2020-07-25 12:00:00,1.1859069752356768,0.006135320546173442,-0.004284752344452184,34.154551838259046,53.917,-54.5,SI-07
186.12559509277344,2020-07-25 12:00:00,nan,nan,nan,nan,53.917,-54.5,SI-07
222.47520446777344,2020-07-25 12:00:00,nan,nan,nan,nan,53.917,-54.5,SI-07
266.0403137207031,2020-07-25 12:00:00,nan,nan,nan,nan,53.917,-54.5,SI-07
318.1274108886719,2020-07-25 12:00:00,nan,nan,nan,nan,53.917,-54.5,SI-07
380.2130126953125,2020-07-25 12:00:00,nan,nan,nan,nan,53.917,-54.5,SI-07
453.9377136230469,2020-07-25 12:00:00,nan,nan,nan,nan,53.917,-54.5,SI-07
541.0889282226562,2020-07-25 12:00:00,nan,nan,nan,nan,53.917,-54.5,SI-07
643.5667724609375,2020-07-25 12:00:00,nan,nan,nan,nan,53.917,-54.5,SI-07
763.3331298828125,2020-07-25 12:00:00,nan,nan,nan,nan,53.917,-54.5,SI-07
902.3392944335938,2020-07-25 12:00:00,nan,nan,nan,nan,53.917,-54.5,SI-07
1062.43994140625,2020-07-25 12:00:00,nan,nan,nan,nan,53.917,-54.5,SI-07
1245.291015625,2020-07-25 12:00:00,nan,nan,nan,nan,53.917,-54.5,SI-07
1452.2509765625,2020-07-25 12:00:00,nan,nan,nan,nan,53.917,-54.5,SI-07
1684.2840576171875,2020-07-25 12:00:00,nan,nan,nan,nan,53.917,-54.5,SI-07
1941.8929443359375,2020-07-25 12:00:00,nan,nan,nan,nan,53.917,-54.5,SI-07
2225.077880859375,2020-07-25 12:00:00,nan,nan,nan,nan,53.917,-54.5,SI-07
2533.3359375,2020-07-25 12:00:00,nan,nan,nan,nan,53.917,-54.5,SI-07
2865.702880859375,2020-07-25 12:00:00,nan,nan,nan,nan,53.917,-54.5,SI-07
3220.820068359375,2020-07-25 12:00:00,nan,nan,nan,nan,53.917,-54.5,SI-07
3597.031982421875,2020-07-25 12:00:00,nan,nan,nan,nan,53.917,-54.5,SI-07
3992.48388671875,2020-07-25 12:00:00,nan,nan,nan,nan,53.917,-54.5,SI-07
4405.22412109375,2020-07-25 12:00:00,nan,nan,nan,nan,53.917,-54.5,SI-07
4833.291015625,2020-07-25 12:00:00,nan,nan,nan,nan,53.917,-54.5,SI-07
5274.7841796875,2020-07-25 12:00:00,nan,nan,nan,nan,53.917,-54.5,SI-07
5727.9169921875,2020-07-25 12:00:00,nan,nan,nan,nan,53.917,-54.5,SI-07
0.49402499198913574,2020-07-25 12:00:00,7.766584488638937,0.0037891707565983995,0.047201076034912644,32.357778084711185,54.082,-54.217,SI-08
1.5413750410079956,2020-07-25 12:00:00,7.750631758641266,-0.005982645289736858,0.049646420525996805,32.35837268293486,54.082,-54.217,SI-08
2.6456689834594727,2020-07-25 12:00:00,7.63394213382851,-0.015132305100897862,0.050256790714948305,32.36234606238651,54.082,-54.217,SI-08
3.8194949626922607,2020-07-25 12:00:00,7.457519441940583,-0.024293750958281627,0.04927389688479815,32.36999984806937,54.082,-54.217,SI-08
5.078224182128906,2020-07-25 12:00:00,7.204942762989679,-0.03710766119098477,0.0468265231058808,32.38465437986476,54.082,-54.217,SI-08
6.440614223480225,2020-07-25 12:00:00,6.8623741396609255,-0.05077751563094863,0.04133319140531737,32.409664563914276,54.082,-54.217,SI-08
7.92956018447876,2020-07-25 12:00:00,6.462783019352893,-0.06298105428259318,0.0336362254967008,32.44474046067118,54.082,-54.217,SI-08
9.572997093200684,2020-07-25 12:00:00,6.02925096009855,-0.07151445373783964,0.02424282611467558,32.49047033692688,54.082,-54.217,SI-08
11.404999732971191,2020-07-25 12:00:00,5.560570842206529,-0.07517667194346614,0.014480766826729895,32.547450804552795,54.082,-54.217,SI-08
13.467140197753906,2020-07-25 12:00:00,5.0384896964265735,-0.0747982531134228,0.005945340939798578,32.61723366969801,54.082,-54.217,SI-08
15.810070037841797,2020-07-25 12:00:00,4.444369637612434,-0.07113014625211858,-0.0001427111682153921,32.70318144539107,54.082,-54.217,SI-08
18.495559692382812,2020-07-25 12:00:00,3.7760875472661453,-0.06562705412742399,-0.002445651095297337,32.80497016763355,54.082,-54.217,SI-08
21.598819732666016,2020-07-25 12:00:00,3.0569388754354296,-0.059768926256218276,-0.0014627572651471825,32.918351967985224,54.082,-54.217,SI-08
25.211410522460938,2020-07-25 12:00:00,2.3353028006611467,-0.05549633493355784,0.0009787234906587867,33.04175684487582,54.082,-54.217,SI-08
29.444730758666992,2020-07-25 12:00:00,1.6697235646743231,-0.05147134691703979,0.004379720824557571,33.16882280991079,54.082,-54.217,SI-08
34.43415069580078,2020-07-25 12:00:00,1.115220348735396,-0.04781298951860903,0.006795795040473012,33.297702554007664,54.082,-54.217,SI-08
40.344051361083984,2020-07-25 12:00:00,0.7107884370209118,-0.04354426193122677,0.00835978878440594,33.42721601958802,54.082,-54.217,SI-08
47.37369155883789,2020-07-25 12:00:00,0.466118487440446,-0.03927167060856633,0.009551258887140203,33.553092764028015,54.082,-54.217,SI-08
55.76428985595703,2020-07-25 12:00:00,0.36497707468052987,-0.03402004919103392,0.009894512253170146,33.67441628704848,54.082,-54.217,SI-08
65.80726623535156,2020-07-25 12:00:00,0.3887604280437268,-0.0281639506076614,0.008432061592236138,33.78728635850502,54.082,-54.217,SI-08
77.85385131835938,2020-07-25 12:00:00,0.5247171600982102,-0.022060248718146477,0.006372861236018403,33.89415406551222,54.082,-54.217,SI-08
92.3260726928711,2020-07-25 12:00:00,0.776783519986243,-0.014987273492149166,0.0027360466421999774,34.007467278387715,54.082,-54.217,SI-08
109.72930145263672,2020-07-25 12:00:00,1.127808312204076,-0.007161523513198145,-0.004085266701988555,34.1198581785948,54.082,-54.217,SI-08
130.66600036621094,2020-07-25 12:00:00,1.5256479838340664,0.0016704975479603695,-0.016045275251012923,34.23599349547139,54.082,-54.217,SI-08
155.85069274902344,2020-07-25 12:00:00,1.9938258769495731,0.012247943950612322,-0.0313342164022428,34.368413619988566,54.082,-54.217,SI-08
186.12559509277344,2020-07-25 12:00:00,nan,nan,nan,nan,54.082,-54.217,SI-08
222.47520446777344,2020-07-25 12:00:00,nan,nan,nan,nan,54.082,-54.217,SI-08
266.0403137207031,2020-07-25 12:00:00,nan,nan,nan,nan,54.082,-54.217,SI-08
318.1274108886719,2020-07-25 12:00:00,nan,nan,nan,nan,54.082,-54.217,SI-08
380.2130126953125,2020-07-25 12:00:00,nan,nan,nan,nan,54.082,-54.217,SI-08
453.9377136230469,2020-07-25 12:00:00,nan,nan,nan,nan,54.082,-54.217,SI-08
541.0889282226562,2020-07-25 12:00:00,nan,nan,nan,nan,54.082,-54.217,SI-08
643.5667724609375,2020-07-25 12:00:00,nan,nan,nan,nan,54.082,-54.217,SI-08
763.3331298828125,2020-07-25 12:00:00,nan,nan,nan,nan,54.082,-54.217,SI-08
902.3392944335938,2020-07-25 12:00:00,nan,nan,nan,nan,54.082,-54.217,SI-08
1062.43994140625,2020-07-25 12:00:00,nan,nan,nan,nan,54.082,-54.217,SI-08
1245.291015625,2020-07-25 12:00:00,nan,nan,nan,nan,54.082,-54.217,SI-08
1452.2509765625,2020-07-25 12:00:00,nan,nan,nan,nan,54.082,-54.217,SI-08
1684.2840576171875,2020-07-25 12:00:00,nan,nan,nan,nan,54.082,-54.217,SI-08
1941.8929443359375,2020-07-25 12:00:00,nan,nan,nan,nan,54.082,-54.217,SI-08
2225.077880859375,2020-07-25 12:00:00,nan,nan,nan,nan,54.082,-54.217,SI-08
2533.3359375,2020-07-25 12:00:00,nan,nan,nan,nan,54.082,-54.217,SI-08
2865.702880859375,2020-07-25 12:00:00,nan,nan,nan,nan,54.082,-54.217,SI-08
3220.820068359375,2020-07-25 12:00:00,nan,nan,nan,nan,54.082,-54.217,SI-08
3597.031982421875,2020-07-25 12:00:00,nan,nan,nan,nan,54.082,-54.217,SI-08
3992.48388671875,2020-07-25 12:00:00,nan,nan,nan,nan,54.082,-54.217,SI-08
4405.22412109375,2020-07-25 12:00:00,nan,nan,nan,nan,54.082,-54.217,SI-08
4833.291015625,2020-07-25 12:00:00,nan,nan,nan,nan,54.082,-54.217,SI-08
5274.7841796875,2020-07-25 12:00:00,nan,nan,nan,nan,54.082,-54.217,SI-08
5727.9169921875,2020-07-25 12:00:00,nan,nan,nan,nan,54.082,-54.217,SI-08
0.49402499198913574,2020-07-25 12:00:00,7.528886421807815,-0.052369358372187744,0.1004664893991005,32.455520336511725,54.2,-54.0,SI-09
1.5413750410079956,2020-07-25 12:00:00,7.513652060219066,-0.06213528139541162,0.10351834108898422,32.45613067410417,54.2,-54.0,SI-09
2.6456689834594727,2020-07-25 12:00:00,7.379760687093105,-0.07153497671707337,0.10412871202306198,32.46376006863542,54.2,-54.0,SI-09
3.8194949626922607,2020-07-25 12:00:00,7.172918753376209,-0.08215541316159386,0.10290797015490646,32.47779811266277,54.2,-54.0,SI-09
5.078224182128906,2020-07-25 12:00:00,6.868515127194664,-0.09704843869373703,0.0998561229354393,32.503432850347664,54.2,-54.0,SI-09
6.440614223480225,2020-07-25 12:00:00,6.4612761334004265,-0.11316221205436379,0.09338618812898994,32.542802024032795,54.2,-54.0,SI-09
7.92956018447876,2020-07-25 12:00:00,5.998224604915058,-0.12720072565512183,0.08447478299747924,32.59193757175717,54.2,-54.0,SI-09
9.572997093200684,2020-07-25 12:00:00,5.500748261102249,-0.13696664867834574,0.07312188891462623,32.65022610406577,54.2,-54.0,SI-09
11.404999732971191,2020-07-25 12:00:00,4.966650251326119,-0.14209375118726503,0.06115862911306776,32.717673724509126,54.2,-54.0,SI-09
13.467140197753906,2020-07-25 12:00:00,4.375859586174793,-0.14209375118726503,0.050049879007686135,32.797326087349205,54.2,-54.0,SI-09
15.810070037841797,2020-07-25 12:00:00,3.7288189344347176,-0.138431527073392,0.04113847164096714,32.88979658204103,54.2,-54.0,SI-09
18.495559692382812,2020-07-25 12:00:00,3.0444228261928847,-0.13244991710350418,0.03466853906972608,32.992949754920595,54.2,-54.0,SI-09
21.598819732666016,2020-07-25 12:00:00,2.362078148127421,-0.12549169434211208,0.031860830612357983,33.10251164714651,54.2,-54.0,SI-09
25.211410522460938,2020-07-25 12:00:00,1.72792668191321,-0.11951008437222421,0.03002972153558552,33.215428212052984,54.2,-54.0,SI-09
29.444730758666992,2020-07-25 12:00:00,1.1802047110618925,-0.1141388349056695,0.028808981157682538,33.33048335216171,54.2,-54.0,SI-09
34.43415069580078,2020-07-25 12:00:00,0.7533355019452225,-0.10876759139944286,0.02734409829239018,33.44889545380428,54.2,-54.0,SI-09
40.344051361083984,2020-07-25 12:00:00,0.47793718049444295,-0.10315220093558078,0.026245443128659944,33.56944384179582,54.2,-54.0,SI-09
47.37369155883789,2020-07-25 12:00:00,0.3642618126671693,-0.09692643953764096,0.025513015666491834,33.68999222978735,54.2,-54.0,SI-09
55.76428985595703,2020-07-25 12:00:00,0.3925349510962987,-0.09021239316492238,0.02514681590588584,33.80504743974633,54.2,-54.0,SI-09
65.80726623535156,2020-07-25 12:00:00,0.5259857177734375,-0.0834983512626204,0.02587929924996622,33.915218283421225,54.2,-54.0,SI-09
77.85385131835938,2020-07-25 12:00:00,0.7278489567360902,-0.07568565345146189,0.02661178259404659,34.020812946371095,54.2,-54.0,SI-09
92.3260726928711,2020-07-25 12:00:00,0.9806884966793746,-0.06738466768536061,0.027710493639689086,34.117252266033205,54.2,-54.0,SI-09
109.72930145263672,2020-07-25 12:00:00,1.2872898034750393,-0.05896162762620674,0.029053375113677084,34.20636739488542,54.2,-54.0,SI-09
130.66600036621094,2020-07-25 12:00:00,1.6332955949031993,-0.05175935290574797,0.03137288241913483,34.29181668348568,54.2,-54.0,SI-09
155.85069274902344,2020-07-25 12:00:00,1.9507367320376146,-0.04419087991476521,0.03418073058128357,34.36384201049805,54.2,-54.0,SI-09
186.12559509277344,2020-07-25 12:00:00,2.272865362466405,-0.03540166654587947,0.035035466785273486,34.441055311821614,54.2,-54.0,SI-09
222.47520446777344,2020-07-25 12:00:00,nan,nan,nan,nan,54.2,-54.0,SI-09
266.0403137207031,2020-07-25 12:00:00,nan,nan,nan,nan,54.2,-54.0,SI-09
318.1274108886719,2020-07-25 12:00:00,nan,nan,nan,nan,54.2,-54.0,SI-09
380.2130126953125,2020-07-25 12:00:00,nan,nan,nan,nan,54.2,-54.0,SI-09
453.9377136230469,2020-07-25 12:00:00,nan,nan,nan,nan,54.2,-54.0,SI-09
541.0889282226562,2020-07-25 12:00:00,nan,nan,nan,nan,54.2,-54.0,SI-09
643.5667724609375,2020-07-25 12:00:00,nan,nan,nan,nan,54.2,-54.0,SI-09
763.3331298828125,2020-07-25 12:00:00,nan,nan,nan,nan,54.2,-54.0,SI-09
902.3392944335938,2020-07-25 12:00:00,nan,nan,nan,nan,54.2,-54.0,SI-09
1062.43994140625,2020-07-25 12:00:00,nan,nan,nan,nan,54.2,-54.0,SI-09
1245.291015625,2020-07-25 12:00:00,nan,nan,nan,nan,54.2,-54.0,SI-09
1452.2509765625,2020-07-25 12:00:00,nan,nan,nan,nan,54.2,-54.0,SI-09
1684.2840576171875,2020-07-25 12:00:00,nan,nan,nan,nan,54.2,-54.0,SI-09
1941.8929443359375,2020-07-25 12:00:00,nan,nan,nan,nan,54.2,-54.0,SI-09
2225.077880859375,2020-07-25 12:00:00,nan,nan,nan,nan,54.2,-54.0,SI-09
2533.3359375,2020-07-25 12:00:00,nan,nan,nan,nan,54.2,-54.0,SI-09
2865.702880859375,2020-07-25 12:00:00,nan,nan,nan,nan,54.2,-54.0,SI-09
3220.820068359375,2020-07-25 12:00:00,nan,nan,nan,nan,54.2,-54.0,SI-09
3597.031982421875,2020-07-25 12:00:00,nan,nan,nan,nan,54.2,-54.0,SI-09
3992.48388671875,2020-07-25 12:00:00,nan,nan,nan,nan,54.2,-54.0,SI-09
4405.22412109375,2020-07-25 12:00:00,nan,nan,nan,nan,54.2,-54.0,SI-09
4833.291015625,2020-07-25 12:00:00,nan,nan,nan,nan,54.2,-54.0,SI-09
5274.7841796875,2020-07-25 12:00:00,nan,nan,nan,nan,54.2,-54.0,SI-09
5727.9169921875,2020-07-25 12:00:00,nan,nan,nan,nan,54.2,-54.0,SI-09
0.49402499198913574,2020-07-25 12:00:00,7.858070205120205,-0.08350068766593279,0.14325127143823244,32.97838765373335,54.355,-53.733000000000004,SI-10
1.5413750410079956,2020-07-25 12:00:00,7.848346441348679,-0.09304814209933833,0.14630312783015434,32.97901474133921,54.355,-53.733000000000004,SI-10
2.6456689834594727,2020-07-25 12:00:00,7.747406750046987,-0.10217131596513535,0.1473053963764232,32.98851076999176,54.355,-53.733000000000004,SI-10
3.8194949626922607,2020-07-25 12:00:00,7.573081204211758,-0.11287476256163301,0.1457575118528633,33.00724919883474,54.355,-53.733000000000004,SI-10
5.078224182128906,2020-07-25 12:00:00,7.323622517631609,-0.12698958606364025,0.14225398689385774,33.03991005026749,54.355,-53.733000000000004,SI-10
6.440614223480225,2020-07-25 12:00:00,6.996866364567219,-0.14282684014389133,0.1354038390698144,33.087918674070444,54.355,-53.733000000000004,SI-10
7.92956018447876,2020-07-25 12:00:00,6.6228461413319915,-0.15628735513331188,0.12592113399803334,33.147405541956395,54.355,-53.733000000000004,SI-10
9.572997093200684,2020-07-25 12:00:00,6.215636614095299,-0.16576031119462048,0.11415564871171119,33.21508152582459,54.355,-53.733000000000004,SI-10
11.404999732971191,2020-07-25 12:00:00,5.77206209294588,-0.17044063132369786,0.1015289534630782,33.289738850848686,54.355,-53.733000000000004,SI-10
13.467140197753906,2020-07-25 12:00:00,5.274612280825503,-0.17088255135841512,0.08976346817675604,33.37386235982752,54.355,-53.733000000000004,SI-10
15.810070037841797,2020-07-25 12:00:00,4.713369999379652,-0.16762806765926117,0.07993777917894002,33.467449965673175,54.355,-53.733000000000004,SI-10
18.495559692382812,2020-07-25 12:00:00,4.104410342674455,-0.1625766597187053,0.0723203665295802,33.57076188919098,54.355,-53.733000000000004,SI-10
21.598819732666016,2020-07-25 12:00:00,3.4867364988157425,-0.15707357241369135,0.06762848117822703,33.67678806511559,54.355,-53.733000000000004,SI-10
25.211410522460938,2020-07-25 12:00:00,2.9084387390209776,-0.1521466780476766,0.0641573350800312,33.7806439210049,54.355,-53.733000000000004,SI-10
29.444730758666992,2020-07-25 12:00:00,2.412983052087292,-0.1479888552297065,0.06096940880696069,33.8811967475306,54.355,-53.733000000000004,SI-10
34.43415069580078,2020-07-25 12:00:00,2.0382700253378805,-0.144316879967346,0.057456139975048934,33.97919907834413,54.355,-53.733000000000004,SI-10
40.344051361083984,2020-07-25 12:00:00,1.8114047154658757,-0.14008274905178802,0.05328856265261844,34.07665811738657,54.355,-53.733000000000004,SI-10
47.37369155883789,2020-07-25 12:00:00,1.7430877501805315,-0.13581624210265306,0.0492473128031953,34.17372286605644,54.355,-53.733000000000004,SI-10
55.76428985595703,2020-07-25 12:00:00,1.8265908869998906,-0.13089542480870395,0.045397139114030954,34.27024461738622,54.355,-53.733000000000004,SI-10
65.80726623535156,2020-07-25 12:00:00,2.0494798600989705,-0.12603437818592766,0.0416891233275864,34.36507978058414,54.355,-53.733000000000004,SI-10
77.85385131835938,2020-07-25 12:00:00,2.371282501751275,-0.12194240584746256,0.03929579775695442,34.45604278905665,54.355,-53.733000000000004,SI-10
92.3260726928711,2020-07-25 12:00:00,2.708140697207507,-0.11933176119493329,0.03769893419093157,34.534290155887824,54.355,-53.733000000000004,SI-10
109.72930145263672,2020-07-25 12:00:00,2.966317331466543,-0.11832877901652183,0.03846116001495989,34.591255449348274,54.355,-53.733000000000004,SI-10
130.66600036621094,2020-07-25 12:00:00,3.078070033459607,-0.11923321468472448,0.04093293739454209,34.6181282742374,54.355,-53.733000000000004,SI-10
155.85069274902344,2020-07-25 12:00:00,3.09973524082651,-0.12224770155643458,0.044324596529831756,34.62611030859515,54.355,-53.733000000000004,SI-10
186.12559509277344,2020-07-25 12:00:00,3.123950541251815,-0.12685402355388842,0.048402935207793846,34.63731049254185,54.355,-53.733000000000004,SI-10
222.47520446777344,2020-07-25 12:00:00,3.301824121992615,-0.13429947324836558,0.06208690640655157,34.7066788085944,54.355,-53.733000000000004,SI-10
266.0403137207031,2020-07-25 12:00:00,nan,nan,nan,nan,54.355,-53.733000000000004,SI-10
318.1274108886719,2020-07-25 12:00:00,nan,nan,nan,nan,54.355,-53.733000000000004,SI-10
380.2130126953125,2020-07-25 12:00:00,nan,nan,nan,nan,54.355,-53.733000000000004,SI-10
453.9377136230469,2020-07-25 12:00:00,nan,nan,nan,nan,54.355,-53.733000000000004,SI-10
541.0889282226562,2020-07-25 12:00:00,nan,nan,nan,nan,54.355,-53.733000000000004,SI-10
643.5667724609375,2020-07-25 12:00:00,nan,nan,nan,nan,54.355,-53.733000000000004,SI-10
763.3331298828125,2020-07-25 12:00:00,nan,nan,nan,nan,54.355,-53.733000000000004,SI-10
902.3392944335938,2020-07-25 12:00:00,nan,nan,nan,nan,54.355,-53.733000000000004,SI-10
1062.43994140625,2020-07-25 12:00:00,nan,nan,nan,nan,54.355,-53.733000000000004,SI-10
1245.291015625,2020-07-25 12:00:00,nan,nan,nan,nan,54.355,-53.733000000000004,SI-10
1452.2509765625,2020-07-25 12:00:00,nan,nan,nan,nan,54.355,-53.733000000000004,SI-10
1684.2840576171875,2020-07-25 12:00:00,nan,nan,nan,nan,54.355,-53.733000000000004,SI-10
1941.8929443359375,2020-07-25 12:00:00,nan,nan,nan,nan,54.355,-53.733000000000004,SI-10
2225.077880859375,2020-07-25 12:00:00,nan,nan,nan,nan,54.355,-53.733000000000004,SI-10
2533.3359375,2020-07-25 12:00:00,nan,nan,nan,nan,54.355,-53.733000000000004,SI-10
2865.702880859375,2020-07-25 12:00:00,nan,nan,nan,nan,54.355,-53.733000000000004,SI-10
3220.820068359375,2020-07-25 12:00:00,nan,nan,nan,nan,54.355,-53.733000000000004,SI-10
3597.031982421875,2020-07-25 12:00:00,nan,nan,nan,nan,54.355,-53.733000000000004,SI-10
3992.48388671875,2020-07-25 12:00:00,nan,nan,nan,nan,54.355,-53.733000000000004,SI-10
4405.22412109375,2020-07-25 12:00:00,nan,nan,nan,nan,54.355,-53.733000000000004,SI-10
4833.291015625,2020-07-25 12:00:00,nan,nan,nan,nan,54.355,-53.733000000000004,SI-10
5274.7841796875,2020-07-25 12:00:00,nan,nan,nan,nan,54.355,-53.733000000000004,SI-10
5727.9169921875,2020-07-25 12:00:00,nan,nan,nan,nan,54.355,-53.733000000000004,SI-10
0.49402499198913574,2020-07-25 12:00:00,8.195409774780273,-0.09277626872062683,0.09949034452438354,33.213294982910156,54.5,-53.5,SI-11
1.5413750410079956,2020-07-25 12:00:00,8.190282821655273,-0.10254219174385071,0.10254219174385071,33.213294982910156,54.5,-53.5,SI-11
2.6456689834594727,2020-07-25 12:00:00,8.144871711730957,-0.11047700047492981,0.10437330603599548,33.216346740722656,54.5,-53.5,SI-11
3.8194949626922607,2020-07-25 12:00:00,8.013763427734375,-0.1190221905708313,0.10376293212175369,33.227027893066406,54.5,-53.5,SI-11
5.078224182128906,2020-07-25 12:00:00,7.803552627563477,-0.13122959434986115,0.10193182528018951,33.249916076660156,54.5,-53.5,SI-11
6.440614223480225,2020-07-25 12:00:00,7.4995880126953125,-0.14648884534835815,0.09765923023223877,33.292640686035156,54.5,-53.5,SI-11
7.92956018447876,2020-07-25 12:00:00,7.129703521728516,-0.16113772988319397,0.09033478796482086,33.35520553588867,54.5,-53.5,SI-11
9.572997093200684,2020-07-25 12:00:00,6.720267295837402,-0.17212438583374023,0.08056886494159698,33.43607711791992,54.5,-53.5,SI-11
11.404999732971191,2020-07-25 12:00:00,6.282998085021973,-0.17822809517383575,0.07019257545471191,33.52915954589844,54.5,-53.5,SI-11
13.467140197753906,2020-07-25 12:00:00,5.814966201782227,-0.18066957592964172,0.06042664870619774,33.6329231262207,54.5,-53.5,SI-11
15.810070037841797,2020-07-25 12:00:00,5.314706802368164,-0.17944884300231934,0.051881466060876846,33.74126434326172,54.5,-53.5,SI-11
18.495559692382812,2020-07-25 12:00:00,4.791742324829102,-0.17639698088169098,0.046388134360313416,33.846553802490234,54.5,-53.5,SI-11
21.598819732666016,2020-07-25 12:00:00,4.268043518066406,-0.17273476719856262,0.043336283415555954,33.94268798828125,54.5,-53.5,SI-11
25.211410522460938,2020-07-25 12:00:00,3.7721786499023438,-0.16968291997909546,0.04150517284870148,34.02813720703125,54.5,-53.5,SI-11
29.444730758666992,2020-07-25 12:00:00,3.329782485961914,-0.16785180568695068,0.04028443247079849,34.101383209228516,54.5,-53.5,SI-11
34.43415069580078,2020-07-25 12:00:00,2.967222213745117,-0.1660206913948059,0.03906369209289551,34.166996002197266,54.5,-53.5,SI-11
40.344051361083984,2020-07-25 12:00:00,2.712331771850586,-0.16479995846748352,0.03723258152604103,34.23261260986328,54.5,-53.5,SI-11
47.37369155883789,2020-07-25 12:00:00,2.5804920196533203,-0.16296884417533875,0.036011841148138046,34.29975128173828,54.5,-53.5,SI-11
55.76428985595703,2020-07-25 12:00:00,2.5731678009033203,-0.16174809634685516,0.03418073058128357,34.36994552612305,54.5,-53.5,SI-11
65.80726623535156,2020-07-25 12:00:00,2.674978256225586,-0.1593066155910492,0.032959990203380585,34.44013977050781,54.5,-53.5,SI-11
77.85385131835938,2020-07-25 12:00:00,2.8580894470214844,-0.15747550129890442,0.03234962001442909,34.51033020019531,54.5,-53.5,SI-11
92.3260726928711,2020-07-25 12:00:00,3.073427200317383,-0.15503403544425964,0.0317392498254776,34.57289505004883,54.5,-53.5,SI-11
109.72930145263672,2020-07-25 12:00:00,3.2448196411132812,-0.15259253978729248,0.031128879636526108,34.62172317504883,54.5,-53.5,SI-11
130.66600036621094,2020-07-25 12:00:00,3.319528579711914,-0.14954069256782532,0.031128879636526108,34.64613723754883,54.5,-53.5,SI-11
155.85069274902344,2020-07-25 12:00:00,3.338571548461914,-0.14587847888469696,0.031128879636526108,34.65834426879883,54.5,-53.5,SI-11
186.12559509277344,2020-07-25 12:00:00,3.348827362060547,-0.14099551737308502,0.0317392498254776,34.67207717895508,54.5,-53.5,SI-11
222.47520446777344,2020-07-25 12:00:00,3.348094940185547,-0.13611255586147308,0.0317392498254776,34.688865661621094,54.5,-53.5,SI-11
266.0403137207031,2020-07-25 12:00:00,3.391307830810547,-0.143436998128891,0.03479110077023506,34.702598571777344,54.5,-53.5,SI-11
318.1274108886719,2020-07-25 12:00:00,nan,nan,nan,nan,54.5,-53.5,SI-11
380.2130126953125,2020-07-25 12:00:00,nan,nan,nan,nan,54.5,-53.5,SI-11
453.9377136230469,2020-07-25 12:00:00,nan,nan,nan,nan,54.5,-53.5,SI-11
541.0889282226562,2020-07-25 12:00:00,nan,nan,nan,nan,54.5,-53.5,SI-11
643.5667724609375,2020-07-25 12:00:00,nan,nan,nan,nan,54.5,-53.5,SI-11
763.3331298828125,2020-07-25 12:00:00,nan,nan,nan,nan,54.5,-53.5,SI-11
902.3392944335938,2020-07-25 12:00:00,nan,nan,nan,nan,54.5,-53.5,SI-11
1062.43994140625,2020-07-25 12:00:00,nan,nan,nan,nan,54.5,-53.5,SI-11
1245.291015625,2020-07-25 12:00:00,nan,nan,nan,nan,54.5,-53.5,SI-11
1452.2509765625,2020-07-25 12:00:00,nan,nan,nan,nan,54.5,-53.5,SI-11
1684.2840576171875,2020-07-25 12:00:00,nan,nan,nan,nan,54.5,-53.5,SI-11
1941.8929443359375,2020-07-25 12:00:00,nan,nan,nan,nan,54.5,-53.5,SI-11
2225.077880859375,2020-07-25 12:00:00,nan,nan,nan,nan,54.5,-53.5,SI-11
2533.3359375,2020-07-25 12:00:00,nan,nan,nan,nan,54.5,-53.5,SI-11
2865.702880859375,2020-07-25 12:00:00,nan,nan,nan,nan,54.5,-53.5,SI-11
3220.820068359375,2020-07-25 12:00:00,nan,nan,nan,nan,54.5,-53.5,SI-11
3597.031982421875,2020-07-25 12:00:00,nan,nan,nan,nan,54.5,-53.5,SI-11
3992.48388671875,2020-07-25 12:00:00,nan,nan,nan,nan,54.5,-53.5,SI-11
4405.22412109375,2020-07-25 12:00:00,nan,nan,nan,nan,54.5,-53.5,SI-11
4833.291015625,2020-07-25 12:00:00,nan,nan,nan,nan,54.5,-53.5,SI-11
5274.7841796875,2020-07-25 12:00:00,nan,nan,nan,nan,54.5,-53.5,SI-11
5727.9169921875,2020-07-25 12:00:00,nan,nan,nan,nan,54.5,-53.5,SI-11
0.49402499198913574,2020-07-25 12:00:00,8.513422723054731,-0.1022639235854142,0.09984914147855047,33.23181930928945,54.633,-53.25,SI-12
1.5413750410079956,2020-07-25 12:00:00,8.509760613679733,-0.11166606998442441,0.10290099313854183,33.2333451881957,54.633,-53.25,SI-12
2.6456689834594727,2020-07-25 12:00:00,8.456757749079914,-0.11971806994079384,0.10436832636594874,33.24126754253652,54.633,-53.25,SI-12
3.8194949626922607,2020-07-25 12:00:00,8.326722718713876,-0.12984777402875558,0.10339417883754967,33.261689887936924,54.633,-53.25,SI-12
5.078224182128906,2020-07-25 12:00:00,8.093131533145597,-0.14473103213312366,0.10058891701700584,33.30831613577284,54.633,-53.25,SI-12
6.440614223480225,2020-07-25 12:00:00,7.765744077443441,-0.16254895955324117,0.093757654428483,33.387895992397446,54.633,-53.25,SI-12
7.92956018447876,2020-07-25 12:00:00,7.390562694311031,-0.17780821055173818,0.08362795478104545,33.4940337911255,54.633,-53.25,SI-12
9.572997093200684,2020-07-25 12:00:00,6.996463350296892,-0.18879487252239724,0.07166714385151954,33.6160468384644,54.633,-53.25,SI-12
11.404999732971191,2020-07-25 12:00:00,6.589757554533148,-0.19417101371290424,0.06007010804117907,33.74539632052497,54.633,-53.25,SI-12
13.467140197753906,2020-07-25 12:00:00,6.163416603565783,-0.19539175552127502,0.04969381704926581,33.875978721682216,54.633,-53.25,SI-12
15.810070037841797,2020-07-25 12:00:00,5.718143032550681,-0.19380723708869058,0.0417590045928964,33.99896226823739,54.633,-53.25,SI-12
18.495559692382812,2020-07-25 12:00:00,5.262445616244966,-0.19063820308445728,0.03626567289233298,34.10882936418466,54.633,-53.25,SI-12
21.598819732666016,2020-07-25 12:00:00,4.810113455056731,-0.18722257035972806,0.03296723060309979,34.19918199294057,54.633,-53.25,SI-12
25.211410522460938,2020-07-25 12:00:00,4.378757421728045,-0.18441731297970843,0.031136120036245312,34.27183980197028,54.633,-53.25,SI-12
29.444730758666992,2020-07-25 12:00:00,3.9918268334894194,-0.18222242206335,0.03052574984729382,34.33105839305286,54.633,-53.25,SI-12
34.43415069580078,2020-07-25 12:00:00,3.679481495855234,-0.18002753114699155,0.0296687883138666,34.38355627656256,54.633,-53.25,SI-12
40.344051361083984,2020-07-25 12:00:00,3.4707043137536857,-0.17758605039118558,0.028448047935963616,34.43514547311388,54.633,-53.25,SI-12
47.37369155883789,2020-07-25 12:00:00,3.3725432159890447,-0.17550834625959327,0.027591086402536397,34.488552775981496,54.633,-53.25,SI-12
55.76428985595703,2020-07-25 12:00:00,3.3694875669464563,-0.1730668655037873,0.02673412486910918,34.543191456796926,54.633,-53.25,SI-12
65.80726623535156,2020-07-25 12:00:00,3.4348889377087284,-0.1703787949085338,0.026123754680157686,34.59845041185795,54.633,-53.25,SI-12
77.85385131835938,2020-07-25 12:00:00,3.532546959877453,-0.16744413447383277,0.025513384491206194,34.65065379440921,54.633,-53.25,SI-12
92.3260726928711,2020-07-25 12:00:00,3.620964739088371,-0.16475605785846648,0.025149605646730428,34.69156183861678,54.633,-53.25,SI-12
109.72930145263672,2020-07-25 12:00:00,3.6637862226937954,-0.1617042106389993,0.024785826802254662,34.7205550789844,54.633,-53.25,SI-12
130.66600036621094,2020-07-25 12:00:00,3.6527032513582247,-0.15840577358008462,0.023811677768827404,34.73643032759523,54.633,-53.25,SI-12
155.85069274902344,2020-07-25 12:00:00,3.6056045098308678,-0.15449695515634754,0.02186337970197289,34.74405972212649,54.633,-53.25,SI-12
186.12559509277344,2020-07-25 12:00:00,3.5471934506888574,-0.14997777026894926,0.02003226913511841,34.74772793948732,54.633,-53.25,SI-12
222.47520446777344,2020-07-25 12:00:00,3.509275544880838,-0.1446016230583295,0.017473600879312403,34.75292203575441,54.633,-53.25,SI-12
266.0403137207031,2020-07-25 12:00:00,3.515896660087855,-0.13849792861939514,0.014551153779030629,34.76269376874025,54.633,-53.25,SI-12
318.1274108886719,2020-07-25 12:00:00,3.535406239036106,-0.13239422816034804,0.011745894178748894,34.77308196127442,54.633,-53.25,SI-12
380.2130126953125,2020-07-25 12:00:00,3.5452247607685052,-0.12310926854610396,0.008811230733991472,34.78223723471192,54.633,-53.25,SI-12
453.9377136230469,2020-07-25 12:00:00,3.5307158072029043,-0.11783809772132706,0.001640625000000548,34.79077604860108,54.633,-53.25,SI-12
541.0889282226562,2020-07-25 12:00:00,nan,nan,nan,nan,54.633,-53.25,SI-12
643.5667724609375,2020-07-25 12:00:00,nan,nan,nan,nan,54.633,-53.25,SI-12
763.3331298828125,2020-07-25 12:00:00,nan,nan,nan,nan,54.633,-53.25,SI-12
902.3392944335938,2020-07-25 12:00:00,nan,nan,nan,nan,54.633,-53.25,SI-12
1062.43994140625,2020-07-25 12:00:00,nan,nan,nan,nan,54.633,-53.25,SI-12
1245.291015625,2020-07-25 12:00:00,nan,nan,nan,nan,54.633,-53.25,SI-12
1452.2509765625,2020-07-25 12:00:00,nan,nan,nan,nan,54.633,-53.25,SI-12
1684.2840576171875,2020-07-25 12:00:00,nan,nan,nan,nan,54.633,-53.25,SI-12
1941.8929443359375,2020-07-25 12:00:00,nan,nan,nan,nan,54.633,-53.25,SI-12
2225.077880859375,2020-07-25 12:00:00,nan,nan,nan,nan,54.633,-53.25,SI-12
2533.3359375,2020-07-25 12:00:00,nan,nan,nan,nan,54.633,-53.25,SI-12
2865.702880859375,2020-07-25 12:00:00,nan,nan,nan,nan,54.633,-53.25,SI-12
3220.820068359375,2020-07-25 12:00:00,nan,nan,nan,nan,54.633,-53.25,SI-12
3597.031982421875,2020-07-25 12:00:00,nan,nan,nan,nan,54.633,-53.25,SI-12
3992.48388671875,2020-07-25 12:00:00,nan,nan,nan,nan,54.633,-53.25,SI-12
4405.22412109375,2020-07-25 12:00:00,nan,nan,nan,nan,54.633,-53.25,SI-12
4833.291015625,2020-07-25 12:00:00,nan,nan,nan,nan,54.633,-53.25,SI-12
5274.7841796875,2020-07-25 12:00:00,nan,nan,nan,nan,54.633,-53.25,SI-12
5727.9169921875,2020-07-25 12:00:00,nan,nan,nan,nan,54.633,-53.25,SI-12
0.49402499198913574,2020-07-25 12:00:00,8.989631920830362,-0.06671824503234146,0.1502515714575873,33.71920636687625,54.783,-53.0,SI-13
1.5413750410079956,2020-07-25 12:00:00,8.987144234056357,-0.07611550892446023,0.1530617098692609,33.72012798851539,54.783,-53.0,SI-13
2.6456689834594727,2020-07-25 12:00:00,8.961690479934283,-0.08343995119187814,0.15452415750532672,33.725914139768356,54.783,-53.0,SI-13
3.8194949626922607,2020-07-25 12:00:00,8.883181345710222,-0.0923537944435416,0.15428244869753316,33.74177718609796,54.783,-53.0,SI-13
5.078224182128906,2020-07-25 12:00:00,8.71813511324145,-0.10565498975240034,0.1514723043849097,33.78113267328843,54.783,-53.0,SI-13
6.440614223480225,2020-07-25 12:00:00,8.463455511481246,-0.12237668838696317,0.14536860994597536,33.84856205275578,54.783,-53.0,SI-13
7.92956018447876,2020-07-25 12:00:00,8.157199801325257,-0.13739423662740302,0.13621305338641265,33.936142918322304,54.783,-53.0,SI-13
9.572997093200684,2020-07-25 12:00:00,7.826179078348115,-0.1481391896711056,0.12485773077978744,34.0338014723764,54.783,-53.0,SI-13
11.404999732971191,2020-07-25 12:00:00,7.475244680142811,-0.15375947549466412,0.11411278363703474,34.13330478035195,54.783,-53.0,SI-13
13.467140197753906,2020-07-25 12:00:00,7.093851901649549,-0.15547582392613957,0.10458856942160441,34.228547815980775,54.783,-53.0,SI-13
15.810070037841797,2020-07-25 12:00:00,6.669839416128809,-0.15377165848206886,0.09774754476977363,34.31768503193051,54.783,-53.0,SI-13
18.495559692382812,2020-07-25 12:00:00,6.20510097143549,-0.15084675420972593,0.09334800677469866,34.3949333744132,54.783,-53.0,SI-13
21.598819732666016,2020-07-25 12:00:00,5.713812222037879,-0.14853222230199403,0.0913899436344798,34.45813295301078,54.783,-53.0,SI-13
25.211410522460938,2020-07-25 12:00:00,5.218527440850241,-0.14621769939447346,0.09028396166666557,34.506991549487736,54.783,-53.0,SI-13
29.444730758666992,2020-07-25 12:00:00,4.747811458658369,-0.14488220060648174,0.0899153017607451,34.54393000760977,54.783,-53.0,SI-13
34.43415069580078,2020-07-25 12:00:00,4.341522785885095,-0.1434197439702046,0.08978835656356805,34.575373022071176,54.783,-53.0,SI-13
40.344051361083984,2020-07-25 12:00:00,4.0407047704604535,-0.1415886355790097,0.08966140546544113,34.60681222183531,54.783,-53.0,SI-13
47.37369155883789,2020-07-25 12:00:00,3.8660494750711125,-0.13951581852880776,0.08929274555952067,34.64130317941195,54.783,-53.0,SI-13
55.76428985595703,2020-07-25 12:00:00,3.799534885687117,-0.13657872521932368,0.08916579446139375,34.676398394255706,54.783,-53.0,SI-13
65.80726623535156,2020-07-25 12:00:00,3.797337620062117,-0.13339992015157112,0.08977616317510778,34.71057580215758,54.783,-53.0,SI-13
77.85385131835938,2020-07-25 12:00:00,3.8196003198003297,-0.13057759580201783,0.09062824659756523,34.7392501370043,54.783,-53.0,SI-13
92.3260726928711,2020-07-25 12:00:00,3.8348153699948653,-0.12873429852246832,0.09160727521719972,34.76029507731977,54.783,-53.0,SI-13
109.72930145263672,2020-07-25 12:00:00,3.819694149463153,-0.12848039477658374,0.09197593512312019,34.77250210856977,54.783,-53.0,SI-13
130.66600036621094,2020-07-25 12:00:00,3.7709246462866703,-0.12896381534264578,0.09258630383683422,34.77676238091648,54.783,-53.0,SI-13
155.85069274902344,2020-07-25 12:00:00,3.6823289446809135,-0.13029931413063753,0.09197593512312019,34.777366638183594,54.783,-53.0,SI-13
186.12559509277344,2020-07-25 12:00:00,3.5752099487171973,-0.1322451913329767,0.09160727521719972,34.77552339490531,54.783,-53.0,SI-13
222.47520446777344,2020-07-25 12:00:00,3.5091669903378646,-0.1339493477768361,0.09062824659756523,34.7779708954507,54.783,-53.0,SI-13
266.0403137207031,2020-07-25 12:00:00,3.4780998464691306,-0.1356535132209068,0.08903884336326684,34.78102265326321,54.783,-53.0,SI-13
318.1274108886719,2020-07-25 12:00:00,3.4492149452109935,-0.1361369308364939,0.08708078612399786,34.7840744110757,54.783,-53.0,SI-13
380.2130126953125,2020-07-25 12:00:00,3.4325215769845685,-0.13576826418041493,0.08524967408190591,34.78925630506156,54.783,-53.0,SI-13
453.9377136230469,2020-07-25 12:00:00,3.4084886083776222,-0.13467448010116662,0.08268124222797302,34.79688569959281,54.783,-53.0,SI-13
541.0889282226562,2020-07-25 12:00:00,3.372446449576998,-0.13102444350449313,0.07950244166032612,34.80696259466945,54.783,-53.0,SI-13
643.5667724609375,2020-07-25 12:00:00,3.3468986864840415,-0.12652233458683984,0.07765914213072378,34.824068441707496,54.783,-53.0,SI-13
763.3331298828125,2020-07-25 12:00:00,3.354310663087669,-0.11662946566601681,0.07741743332293022,34.84117047404828,54.783,-53.0,SI-13
902.3392944335938,2020-07-25 12:00:00,nan,nan,nan,nan,54.783,-53.0,SI-13
1062.43994140625,2020-07-25 12:00:00,nan,nan,nan,nan,54.783,-53.0,SI-13
1245.291015625,2020-07-25 12:00:00,nan,nan,nan,nan,54.783,-53.0,SI-13
1452.2509765625,2020-07-25 12:00:00,nan,nan,nan,nan,54.783,-53.0,SI-13
1684.2840576171875,2020-07-25 12:00:00,nan,nan,nan,nan,54.783,-53.0,SI-13
1941.8929443359375,2020-07-25 12:00:00,nan,nan,nan,nan,54.783,-53.0,SI-13
2225.077880859375,2020-07-25 12:00:00,nan,nan,nan,nan,54.783,-53.0,SI-13
2533.3359375,2020-07-25 12:00:00,nan,nan,nan,nan,54.783,-53.0,SI-13
2865.702880859375,2020-07-25 12:00:00,nan,nan,nan,nan,54.783,-53.0,SI-13
3220.820068359375,2020-07-25 12:00:00,nan,nan,nan,nan,54.783,-53.0,SI-13
3597.031982421875,2020-07-25 12:00:00,nan,nan,nan,nan,54.783,-53.0,SI-13
3992.48388671875,2020-07-25 12:00:00,nan,nan,nan,nan,54.783,-53.0,SI-13
4405.22412109375,2020-07-25 12:00:00,nan,nan,nan,nan,54.783,-53.0,SI-13
4833.291015625,2020-07-25 12:00:00,nan,nan,nan,nan,54.783,-53.0,SI-13
5274.7841796875,2020-07-25 12:00:00,nan,nan,nan,nan,54.783,-53.0,SI-13
5727.9169921875,2020-07-25 12:00:00,nan,nan,nan,nan,54.783,-53.0,SI-13
0.49402499198913574,2020-07-25 12:00:00,9.523866068338197,0.007539202715813567,0.2051945840944658,34.486782687155106,55.067,-52.5,SI-14
1.5413750410079956,2020-07-25 12:00:00,9.521079926540159,-0.001616350118458818,0.2088568097583106,34.48708174070086,55.067,-52.5,SI-14
2.6456689834594727,2020-07-25 12:00:00,9.517130725761234,-0.008450047265783455,0.21129829343456136,34.48708174070086,55.067,-52.5,SI-14
3.8194949626922607,2020-07-25 12:00:00,9.485248887543122,-0.014553749155298376,0.21300978046751431,34.48738079424662,55.067,-52.5,SI-14
5.078224182128906,2020-07-25 12:00:00,9.417032280213085,-0.02089670118252974,0.21338089825368148,34.48767984779237,55.067,-52.5,SI-14
6.440614223480225,2020-07-25 12:00:00,9.293638926692587,-0.0291903888454738,0.21265090453082847,34.487051129523394,55.067,-52.5,SI-14
7.92956018447876,2020-07-25 12:00:00,9.099356983015602,-0.03992555726422383,0.21058054156118963,34.48519558589391,55.067,-52.5,SI-14
9.572997093200684,2020-07-25 12:00:00,8.836943204249799,-0.051031845734208915,0.20705019406628958,34.48363909581019,55.067,-52.5,SI-14
11.404999732971191,2020-07-25 12:00:00,8.51268702264368,-0.06079776875743279,0.20168873227924478,34.483010377541206,55.067,-52.5,SI-14
13.467140197753906,2020-07-25 12:00:00,8.123961695181126,-0.06800258522588128,0.19534577426165523,34.48208260572647,55.067,-52.5,SI-14
15.810070037841797,2020-07-25 12:00:00,7.656849859613901,-0.072155555935085,0.18949357034969622,34.48390753817847,55.067,-52.5,SI-14
18.495559692382812,2020-07-25 12:00:00,7.101958696995319,-0.07374741263893274,0.18437135724014544,34.48848517489723,55.067,-52.5,SI-14
21.598819732666016,2020-07-25 12:00:00,6.4703896480962815,-0.07301741438594392,0.18181025214559243,34.49428963697647,55.067,-52.5,SI-14
25.211410522460938,2020-07-25 12:00:00,5.802426869716108,-0.07228742212331331,0.18108025842273945,34.50191903150772,55.067,-52.5,SI-14
29.444730758666992,2020-07-25 12:00:00,5.157298208706175,-0.07155742986068271,0.1820617426725678,34.512002076759956,55.067,-52.5,SI-14
34.43415069580078,2020-07-25 12:00:00,4.594534250361294,-0.0714378040617133,0.18267211205667375,34.52483782627894,55.067,-52.5,SI-14
40.344051361083984,2020-07-25 12:00:00,4.155167239527267,-0.0714378040617133,0.18365360828721852,34.54072608124429,55.067,-52.5,SI-14
47.37369155883789,2020-07-25 12:00:00,3.8545629492649907,-0.07082743160769389,0.18377323262596557,34.56119122529452,55.067,-52.5,SI-14
55.76428985595703,2020-07-25 12:00:00,3.6890314170007925,-0.07082743160769389,0.18401248422390437,34.58348436886016,55.067,-52.5,SI-14
65.80726623535156,2020-07-25 12:00:00,3.6387094128050554,-0.07021705915367449,0.18437135724014544,34.60912525672066,55.067,-52.5,SI-14
77.85385131835938,2020-07-25 12:00:00,3.634200722583466,-0.06972631702876032,0.18484985751557834,34.64086966020615,55.067,-52.5,SI-14
92.3260726928711,2020-07-25 12:00:00,3.6712132948253977,-0.06923557490384614,0.18532835779101123,34.6750684620465,55.067,-52.5,SI-14
109.72930145263672,2020-07-25 12:00:00,3.717919124159897,-0.06874482678857377,0.1853161039608135,34.704392893051875,55.067,-52.5,SI-14
130.66600036621094,2020-07-25 12:00:00,3.751928542075896,-0.06837370301204843,0.1853038621113322,34.726054251285134,55.067,-52.5,SI-14
155.85069274902344,2020-07-25 12:00:00,3.7883345306466336,-0.0673922187622201,0.1859019896459569,34.75076736733089,55.067,-52.5,SI-14
186.12559509277344,2020-07-25 12:00:00,3.8183348146081926,-0.06568073026904472,0.18600937213522264,34.780985891910134,55.067,-52.5,SI-14
222.47520446777344,2020-07-25 12:00:00,3.7850476728666784,-0.06372999163815293,0.18648787241065554,34.80175008950612,55.067,-52.5,SI-14
266.0403137207031,2020-07-25 12:00:00,3.7168894651804565,-0.06250925725060816,0.18831898378235554,34.81183388239223,55.067,-52.5,SI-14
318.1274108886719,2020-07-25 12:00:00,3.668978351187712,-0.06201850913533578,0.19064084019941446,34.81886823689536,55.067,-52.5,SI-14
380.2130126953125,2020-07-25 12:00:00,3.6480937535609663,-0.06176701415295894,0.19198120038592864,34.827095738518125,55.067,-52.5,SI-14
453.9377136230469,2020-07-25 12:00:00,3.610983249244332,-0.06102477405048884,0.1929504427862757,34.833199254143125,55.067,-52.5,SI-14
541.0889282226562,2020-07-25 12:00:00,3.5314182220277375,-0.0600310389656419,0.19244745881188027,34.833199254143125,55.067,-52.5,SI-14
643.5667724609375,2020-07-25 12:00:00,3.4455496490548363,-0.05732581838279871,0.19022073397433412,34.83717878377036,55.067,-52.5,SI-14
763.3331298828125,2020-07-25 12:00:00,3.3744033542248006,-0.05389060254214581,0.1878743938583126,34.84815898965987,55.067,-52.5,SI-14
902.3392944335938,2020-07-25 12:00:00,3.309072354299205,-0.052909112301959264,0.18859214281123954,34.859139195549375,55.067,-52.5,SI-14
1062.43994140625,2020-07-25 12:00:00,3.2614630250755723,-0.05474022213870255,0.19336772183358575,34.871645280345135,55.067,-52.5,SI-14
1245.291015625,2020-07-25 12:00:00,3.266188727825057,-0.057552823675854764,0.19827517902487668,34.88172832559737,55.067,-52.5,SI-14
1452.2509765625,2020-07-25 12:00:00,3.251540290325057,-0.059012814191474194,0.2013392680938251,34.88142927205161,55.067,-52.5,SI-14
1684.2840576171875,2020-07-25 12:00:00,3.171950424042761,-0.05951580415622785,0.2055751256126156,34.89456407511635,55.067,-52.5,SI-14
1941.8929443359375,2020-07-25 12:00:00,3.029271277372361,-0.058558803605362086,0.2152581618262527,34.91652448689536,55.067,-52.5,SI-14
2225.077880859375,2020-07-25 12:00:00,2.7482841386679357,-0.05519423272481465,0.23365497695201873,34.92110212361412,55.067,-52.5,SI-14
2533.3359375,2020-07-25 12:00:00,nan,nan,nan,nan,55.067,-52.5,SI-14
2865.702880859375,2020-07-25 12:00:00,nan,nan,nan,nan,55.067,-52.5,SI-14
3220.820068359375,2020-07-25 12:00:00,nan,nan,nan,nan,55.067,-52.5,SI-14
3597.031982421875,2020-07-25 12:00:00,nan,nan,nan,nan,55.067,-52.5,SI-14
3992.48388671875,2020-07-25 12:00:00,nan,nan,nan,nan,55.067,-52.5,SI-14
4405.22412109375,2020-07-25 12:00:00,nan,nan,nan,nan,55.067,-52.5,SI-14
4833.291015625,2020-07-25 12:00:00,nan,nan,nan,nan,55.067,-52.5,SI-14
5274.7841796875,2020-07-25 12:00:00,nan,nan,nan,nan,55.067,-52.5,SI-14
5727.9169921875,2020-07-25 12:00:00,nan,nan,nan,nan,55.067,-52.5,SI-14
