Depth [m],TIME,Temperature [degrees_C],LAT,LON,STATION,num_days
0.49402499198913574,2011-02-15,-1.4686721734474837,53.233000000000004,-55.65,SI-01,28
1.5413750410079956,2011-02-15,-1.4678202198664596,53.233000000000004,-55.65,SI-01,28
2.6456689834594727,2011-02-15,-1.4670579133550712,53.233000000000004,-55.65,SI-01,28
3.8194949626922607,2011-02-15,-1.466119231126977,53.233000000000004,-55.65,SI-01,28
5.078224182128906,2011-02-15,-1.4647141498102247,53.233000000000004,-55.65,SI-01,28
6.440614223480225,2011-02-15,-1.4635091411331742,53.233000000000004,-55.65,SI-01,28
7.92956018447876,2011-02-15,-1.4610455346018187,53.233000000000004,-55.65,SI-01,28
9.572997093200684,2011-02-15,-1.4582622978160185,53.233000000000004,-55.65,SI-01,28
11.404999732971191,2011-02-15,-1.4542743560157816,53.233000000000004,-55.65,SI-01,28
13.467140197753906,2011-02-15,-1.4499904289682406,53.233000000000004,-55.65,SI-01,28
15.810070037841797,2011-02-15,-1.445206129490112,53.233000000000004,-55.65,SI-01,28
18.495559692382812,2011-02-15,-1.4381988195936495,53.233000000000004,-55.65,SI-01,28
21.598819732666016,2011-02-15,-1.4309793988199038,53.233000000000004,-55.65,SI-01,28
25.211410522460938,2011-02-15,-1.4231437544408385,53.233000000000004,-55.65,SI-01,28
29.444730758666992,2011-02-15,-1.415951259514797,53.233000000000004,-55.65,SI-01,28
34.43415069580078,2011-02-15,-1.3609275891251047,53.233000000000004,-55.65,SI-01,28
40.344051361083984,2011-02-15,-1.3055820684076187,53.233000000000004,-55.65,SI-01,28
47.37369155883789,2011-02-15,-1.2902263600613422,53.233000000000004,-55.65,SI-01,28
55.76428985595703,2011-02-15,-1.2637317467130673,53.233000000000004,-55.65,SI-01,28
65.80726623535156,2011-02-15,nan,53.233000000000004,-55.65,SI-01,28
77.85385131835938,2011-02-15,nan,53.233000000000004,-55.65,SI-01,28
92.3260726928711,2011-02-15,nan,53.233000000000004,-55.65,SI-01,28
109.72930145263672,2011-02-15,nan,53.233000000000004,-55.65,SI-01,28
130.66600036621094,2011-02-15,nan,53.233000000000004,-55.65,SI-01,28
155.85069274902344,2011-02-15,nan,53.233000000000004,-55.65,SI-01,28
186.12559509277344,2011-02-15,nan,53.233000000000004,-55.65,SI-01,28
222.47520446777344,2011-02-15,nan,53.233000000000004,-55.65,SI-01,28
266.0403137207031,2011-02-15,nan,53.233000000000004,-55.65,SI-01,28
318.1274108886719,2011-02-15,nan,53.233000000000004,-55.65,SI-01,28
380.2130126953125,2011-02-15,nan,53.233000000000004,-55.65,SI-01,28
453.9377136230469,2011-02-15,nan,53.233000000000004,-55.65,SI-01,28
541.0889282226562,2011-02-15,nan,53.233000000000004,-55.65,SI-01,28
643.5667724609375,2011-02-15,nan,53.233000000000004,-55.65,SI-01,28
763.3331298828125,2011-02-15,nan,53.233000000000004,-55.65,SI-01,28
902.3392944335938,2011-02-15,nan,53.233000000000004,-55.65,SI-01,28
1062.43994140625,2011-02-15,nan,53.233000000000004,-55.65,SI-01,28
1245.291015625,2011-02-15,nan,53.233000000000004,-55.65,SI-01,28
1452.2509765625,2011-02-15,nan,53.233000000000004,-55.65,SI-01,28
1684.2840576171875,2011-02-15,nan,53.233000000000004,-55.65,SI-01,28
1941.8929443359375,2011-02-15,nan,53.233000000000004,-55.65,SI-01,28
2225.077880859375,2011-02-15,nan,53.233000000000004,-55.65,SI-01,28
2533.3359375,2011-02-15,nan,53.233000000000004,-55.65,SI-01,28
2865.702880859375,2011-02-15,nan,53.233000000000004,-55.65,SI-01,28
3220.820068359375,2011-02-15,nan,53.233000000000004,-55.65,SI-01,28
3597.031982421875,2011-02-15,nan,53.233000000000004,-55.65,SI-01,28
3992.48388671875,2011-02-15,nan,53.233000000000004,-55.65,SI-01,28
4405.22412109375,2011-02-15,nan,53.233000000000004,-55.65,SI-01,28
4833.291015625,2011-02-15,nan,53.233000000000004,-55.65,SI-01,28
5274.7841796875,2011-02-15,nan,53.233000000000004,-55.65,SI-01,28
5727.9169921875,2011-02-15,nan,53.233000000000004,-55.65,SI-01,28
0.49402499198913574,2011-02-15,-1.3329650697554023,53.333,-55.5,SI-02,28
1.5413750410079956,2011-02-15,-1.3315002260054023,53.333,-55.5,SI-02,28
2.6456689834594727,2011-02-15,-1.3300324636992396,53.333,-55.5,SI-02,28
3.8194949626922607,2011-02-15,-1.3278351980742396,53.333,-55.5,SI-02,28
5.078224182128906,2011-02-15,-1.3249084291304023,53.333,-55.5,SI-02,28
6.440614223480225,2011-02-15,-1.3205109793242396,53.333,-55.5,SI-02,28
7.92956018447876,2011-02-15,-1.3139221010054023,53.333,-55.5,SI-02,28
9.572997093200684,2011-02-15,-1.3044064537427278,53.333,-55.5,SI-02,28
11.404999732971191,2011-02-15,-1.294149628936565,53.333,-55.5,SI-02,28
13.467140197753906,2011-02-15,-1.2831545451430768,53.333,-55.5,SI-02,28
15.810070037841797,2011-02-15,-1.2714251321259558,53.333,-55.5,SI-02,28
18.495559692382812,2011-02-15,-1.25823570126363,53.333,-55.5,SI-02,28
21.598819732666016,2011-02-15,-1.2435814266513048,53.333,-55.5,SI-02,28
25.211410522460938,2011-02-15,-1.2274623082889793,53.333,-55.5,SI-02,28
29.444730758666992,2011-02-15,-1.2106059421468582,53.333,-55.5,SI-02,28
34.43415069580078,2011-02-15,-1.1915512991722073,53.333,-55.5,SI-02,28
40.344051361083984,2011-02-15,-1.1695757243660443,53.333,-55.5,SI-02,28
47.37369155883789,2011-02-15,-1.1424654519739232,53.333,-55.5,SI-02,28
55.76428985595703,2011-02-15,-1.1219663951424117,53.333,-55.5,SI-02,28
65.80726623535156,2011-02-15,-1.08392232863622,53.333,-55.5,SI-02,28
77.85385131835938,2011-02-15,-1.0180725054859,53.333,-55.5,SI-02,28
92.3260726928711,2011-02-15,-0.8892587531420051,53.333,-55.5,SI-02,28
109.72930145263672,2011-02-15,nan,53.333,-55.5,SI-02,28
130.66600036621094,2011-02-15,nan,53.333,-55.5,SI-02,28
155.85069274902344,2011-02-15,nan,53.333,-55.5,SI-02,28
186.12559509277344,2011-02-15,nan,53.333,-55.5,SI-02,28
222.47520446777344,2011-02-15,nan,53.333,-55.5,SI-02,28
266.0403137207031,2011-02-15,nan,53.333,-55.5,SI-02,28
318.1274108886719,2011-02-15,nan,53.333,-55.5,SI-02,28
380.2130126953125,2011-02-15,nan,53.333,-55.5,SI-02,28
453.9377136230469,2011-02-15,nan,53.333,-55.5,SI-02,28
541.0889282226562,2011-02-15,nan,53.333,-55.5,SI-02,28
643.5667724609375,2011-02-15,nan,53.333,-55.5,SI-02,28
763.3331298828125,2011-02-15,nan,53.333,-55.5,SI-02,28
902.3392944335938,2011-02-15,nan,53.333,-55.5,SI-02,28
1062.43994140625,2011-02-15,nan,53.333,-55.5,SI-02,28
1245.291015625,2011-02-15,nan,53.333,-55.5,SI-02,28
1452.2509765625,2011-02-15,nan,53.333,-55.5,SI-02,28
1684.2840576171875,2011-02-15,nan,53.333,-55.5,SI-02,28
1941.8929443359375,2011-02-15,nan,53.333,-55.5,SI-02,28
2225.077880859375,2011-02-15,nan,53.333,-55.5,SI-02,28
2533.3359375,2011-02-15,nan,53.333,-55.5,SI-02,28
2865.702880859375,2011-02-15,nan,53.333,-55.5,SI-02,28
3220.820068359375,2011-02-15,nan,53.333,-55.5,SI-02,28
3597.031982421875,2011-02-15,nan,53.333,-55.5,SI-02,28
3992.48388671875,2011-02-15,nan,53.333,-55.5,SI-02,28
4405.22412109375,2011-02-15,nan,53.333,-55.5,SI-02,28
4833.291015625,2011-02-15,nan,53.333,-55.5,SI-02,28
5274.7841796875,2011-02-15,nan,53.333,-55.5,SI-02,28
5727.9169921875,2011-02-15,nan,53.333,-55.5,SI-02,28
0.49402499198913574,2011-02-15,-1.2042057927160459,53.41,-55.357,SI-03,28
1.5413750410079956,2011-02-15,-1.2020251707683687,53.41,-55.357,SI-03,28
2.6456689834594727,2011-02-15,-1.1998279051433685,53.41,-55.357,SI-03,28
3.8194949626922607,2011-02-15,-1.1975886800582458,53.41,-55.357,SI-03,28
5.078224182128906,2011-02-15,-1.1946843083410459,53.41,-55.357,SI-03,28
6.440614223480225,2011-02-15,-1.191679374026278,53.41,-55.357,SI-03,28
7.92956018447876,2011-02-15,-1.187500676773053,53.41,-55.357,SI-03,28
9.572997093200684,2011-02-15,-1.1820318610555112,53.41,-55.357,SI-03,28
11.404999732971191,2011-02-15,-1.1749229779456112,53.41,-55.357,SI-03,28
13.467140197753906,2011-02-15,-1.1662897373129826,53.41,-55.357,SI-03,28
15.810070037841797,2011-02-15,-1.1561930619223122,53.41,-55.357,SI-03,28
18.495559692382812,2011-02-15,-1.1443571056474218,53.41,-55.357,SI-03,28
21.598819732666016,2011-02-15,-1.1308649366595254,53.41,-55.357,SI-03,28
25.211410522460938,2011-02-15,-1.1153663726529606,53.41,-55.357,SI-03,28
29.444730758666992,2011-02-15,-1.0970124573258797,53.41,-55.357,SI-03,28
34.43415069580078,2011-02-15,-1.0756471953195437,53.41,-55.357,SI-03,28
40.344051361083984,2011-02-15,-1.0477137384306843,53.41,-55.357,SI-03,28
47.37369155883789,2011-02-15,-1.0128985239844637,53.41,-55.357,SI-03,28
55.76428985595703,2011-02-15,-0.942562788601714,53.41,-55.357,SI-03,28
65.80726623535156,2011-02-15,-0.7999788161837154,53.41,-55.357,SI-03,28
77.85385131835938,2011-02-15,-0.5802966064079749,53.41,-55.357,SI-03,28
92.3260726928711,2011-02-15,-0.25115776693060415,53.41,-55.357,SI-03,28
109.72930145263672,2011-02-15,0.19471158738715255,53.41,-55.357,SI-03,28
130.66600036621094,2011-02-15,0.8366962010044576,53.41,-55.357,SI-03,28
155.85069274902344,2011-02-15,nan,53.41,-55.357,SI-03,28
186.12559509277344,2011-02-15,nan,53.41,-55.357,SI-03,28
222.47520446777344,2011-02-15,nan,53.41,-55.357,SI-03,28
266.0403137207031,2011-02-15,nan,53.41,-55.357,SI-03,28
318.1274108886719,2011-02-15,nan,53.41,-55.357,SI-03,28
380.2130126953125,2011-02-15,nan,53.41,-55.357,SI-03,28
453.9377136230469,2011-02-15,nan,53.41,-55.357,SI-03,28
541.0889282226562,2011-02-15,nan,53.41,-55.357,SI-03,28
643.5667724609375,2011-02-15,nan,53.41,-55.357,SI-03,28
763.3331298828125,2011-02-15,nan,53.41,-55.357,SI-03,28
902.3392944335938,2011-02-15,nan,53.41,-55.357,SI-03,28
1062.43994140625,2011-02-15,nan,53.41,-55.357,SI-03,28
1245.291015625,2011-02-15,nan,53.41,-55.357,SI-03,28
1452.2509765625,2011-02-15,nan,53.41,-55.357,SI-03,28
1684.2840576171875,2011-02-15,nan,53.41,-55.357,SI-03,28
1941.8929443359375,2011-02-15,nan,53.41,-55.357,SI-03,28
2225.077880859375,2011-02-15,nan,53.41,-55.357,SI-03,28
2533.3359375,2011-02-15,nan,53.41,-55.357,SI-03,28
2865.702880859375,2011-02-15,nan,53.41,-55.357,SI-03,28
3220.820068359375,2011-02-15,nan,53.41,-55.357,SI-03,28
3597.031982421875,2011-02-15,nan,53.41,-55.357,SI-03,28
3992.48388671875,2011-02-15,nan,53.41,-55.357,SI-03,28
4405.22412109375,2011-02-15,nan,53.41,-55.357,SI-03,28
4833.291015625,2011-02-15,nan,53.41,-55.357,SI-03,28
5274.7841796875,2011-02-15,nan,53.41,-55.357,SI-03,28
5727.9169921875,2011-02-15,nan,53.41,-55.357,SI-03,28
0.49402499198913574,2011-02-15,-0.8114510517300869,53.533,-55.145,SI-04,28
1.5413750410079956,2011-02-15,-0.8089264293388412,53.533,-55.145,SI-04,28
2.6456689834594727,2011-02-15,-0.8067291637138414,53.533,-55.145,SI-04,28
3.8194949626922607,2011-02-15,-0.8052643199638413,53.533,-55.145,SI-04,28
5.078224182128906,2011-02-15,-0.8031424677700536,53.533,-55.145,SI-04,28
6.440614223480225,2011-02-15,-0.8011598322020538,53.533,-55.145,SI-04,28
7.92956018447876,2011-02-15,-0.7986352098108082,53.533,-55.145,SI-04,28
9.572997093200684,2011-02-15,-0.7953382578197626,53.533,-55.145,SI-04,28
11.404999732971191,2011-02-15,-0.7914233526181507,53.533,-55.145,SI-04,28
13.467140197753906,2011-02-15,-0.7863344996463297,53.533,-55.145,SI-04,28
15.810070037841797,2011-02-15,-0.7798562163557212,53.533,-55.145,SI-04,28
18.495559692382812,2011-02-15,-0.7703349599234272,53.533,-55.145,SI-04,28
21.598819732666016,2011-02-15,-0.7566318699301329,53.533,-55.145,SI-04,28
25.211410522460938,2011-02-15,-0.7379785531048033,53.533,-55.145,SI-04,28
29.444730758666992,2011-02-15,-0.7116921139188324,53.533,-55.145,SI-04,28
34.43415069580078,2011-02-15,-0.6729294736944081,53.533,-55.145,SI-04,28
40.344051361083984,2011-02-15,-0.6109572038401645,53.533,-55.145,SI-04,28
47.37369155883789,2011-02-15,-0.49770479230504117,53.533,-55.145,SI-04,28
55.76428985595703,2011-02-15,-0.30835925264150776,53.533,-55.145,SI-04,28
65.80726623535156,2011-02-15,0.052280641684959384,53.533,-55.145,SI-04,28
77.85385131835938,2011-02-15,0.5357869608617281,53.533,-55.145,SI-04,28
92.3260726928711,2011-02-15,1.094077571275926,53.533,-55.145,SI-04,28
109.72930145263672,2011-02-15,1.6778473602572395,53.533,-55.145,SI-04,28
130.66600036621094,2011-02-15,2.1877568095043913,53.533,-55.145,SI-04,28
155.85069274902344,2011-02-15,2.4364440672661734,53.533,-55.145,SI-04,28
186.12559509277344,2011-02-15,2.551789280164218,53.533,-55.145,SI-04,28
222.47520446777344,2011-02-15,nan,53.533,-55.145,SI-04,28
266.0403137207031,2011-02-15,nan,53.533,-55.145,SI-04,28
318.1274108886719,2011-02-15,nan,53.533,-55.145,SI-04,28
380.2130126953125,2011-02-15,nan,53.533,-55.145,SI-04,28
453.9377136230469,2011-02-15,nan,53.533,-55.145,SI-04,28
541.0889282226562,2011-02-15,nan,53.533,-55.145,SI-04,28
643.5667724609375,2011-02-15,nan,53.533,-55.145,SI-04,28
763.3331298828125,2011-02-15,nan,53.533,-55.145,SI-04,28
902.3392944335938,2011-02-15,nan,53.533,-55.145,SI-04,28
1062.43994140625,2011-02-15,nan,53.533,-55.145,SI-04,28
1245.291015625,2011-02-15,nan,53.533,-55.145,SI-04,28
1452.2509765625,2011-02-15,nan,53.533,-55.145,SI-04,28
1684.2840576171875,2011-02-15,nan,53.533,-55.145,SI-04,28
1941.8929443359375,2011-02-15,nan,53.533,-55.145,SI-04,28
2225.077880859375,2011-02-15,nan,53.533,-55.145,SI-04,28
2533.3359375,2011-02-15,nan,53.533,-55.145,SI-04,28
2865.702880859375,2011-02-15,nan,53.533,-55.145,SI-04,28
3220.820068359375,2011-02-15,nan,53.533,-55.145,SI-04,28
3597.031982421875,2011-02-15,nan,53.533,-55.145,SI-04,28
3992.48388671875,2011-02-15,nan,53.533,-55.145,SI-04,28
4405.22412109375,2011-02-15,nan,53.533,-55.145,SI-04,28
4833.291015625,2011-02-15,nan,53.533,-55.145,SI-04,28
5274.7841796875,2011-02-15,nan,53.533,-55.145,SI-04,28
5727.9169921875,2011-02-15,nan,53.533,-55.145,SI-04,28
0.49402499198913574,2011-02-15,-0.6530632350453309,53.617,-55.0,SI-05,28
1.5413750410079956,2011-02-15,-0.6508659694203309,53.617,-55.0,SI-05,28
2.6456689834594727,2011-02-15,-0.6489646043785327,53.617,-55.0,SI-05,28
3.8194949626922607,2011-02-15,-0.6474997606285327,53.617,-55.0,SI-05,28
5.078224182128906,2011-02-15,-0.6460349168785327,53.617,-55.0,SI-05,28
6.440614223480225,2011-02-15,-0.6445700731285327,53.617,-55.0,SI-05,28
7.92956018447876,2011-02-15,-0.6426687080867344,53.617,-55.0,SI-05,28
9.572997093200684,2011-02-15,-0.6407673430449361,53.617,-55.0,SI-05,28
11.404999732971191,2011-02-15,-0.6381335561281377,53.617,-55.0,SI-05,28
13.467140197753906,2011-02-15,-0.6347673473363395,53.617,-55.0,SI-05,28
15.810070037841797,2011-02-15,-0.6290632522109446,53.617,-55.0,SI-05,28
18.495559692382812,2011-02-15,-0.6210212707519531,53.617,-55.0,SI-05,28
21.598819732666016,2011-02-15,-0.6074158148761634,53.617,-55.0,SI-05,28
25.211410522460938,2011-02-15,-0.5851600098603373,53.617,-55.0,SI-05,28
29.444730758666992,2011-02-15,-0.5466375510685391,53.617,-55.0,SI-05,28
34.43415069580078,2011-02-15,-0.4787723324300824,53.617,-55.0,SI-05,28
40.344051361083984,2011-02-15,-0.3591630940432533,53.617,-55.0,SI-05,28
47.37369155883789,2011-02-15,-0.13903424144068904,53.617,-55.0,SI-05,28
55.76428985595703,2011-02-15,0.23483449435353362,53.617,-55.0,SI-05,28
65.80726623535156,2011-02-15,0.6466994619372066,53.617,-55.0,SI-05,28
77.85385131835938,2011-02-15,1.0766903781892576,53.617,-55.0,SI-05,28
92.3260726928711,2011-02-15,1.5716235671056893,53.617,-55.0,SI-05,28
109.72930145263672,2011-02-15,2.0505021114361552,53.617,-55.0,SI-05,28
130.66600036621094,2011-02-15,2.452986215353425,53.617,-55.0,SI-05,28
155.85069274902344,2011-02-15,2.670734980587298,53.617,-55.0,SI-05,28
186.12559509277344,2011-02-15,2.80281796765522,53.617,-55.0,SI-05,28
222.47520446777344,2011-02-15,nan,53.617,-55.0,SI-05,28
266.0403137207031,2011-02-15,nan,53.617,-55.0,SI-05,28
318.1274108886719,2011-02-15,nan,53.617,-55.0,SI-05,28
380.2130126953125,2011-02-15,nan,53.617,-55.0,SI-05,28
453.9377136230469,2011-02-15,nan,53.617,-55.0,SI-05,28
541.0889282226562,2011-02-15,nan,53.617,-55.0,SI-05,28
643.5667724609375,2011-02-15,nan,53.617,-55.0,SI-05,28
763.3331298828125,2011-02-15,nan,53.617,-55.0,SI-05,28
902.3392944335938,2011-02-15,nan,53.617,-55.0,SI-05,28
1062.43994140625,2011-02-15,nan,53.617,-55.0,SI-05,28
1245.291015625,2011-02-15,nan,53.617,-55.0,SI-05,28
1452.2509765625,2011-02-15,nan,53.617,-55.0,SI-05,28
1684.2840576171875,2011-02-15,nan,53.617,-55.0,SI-05,28
1941.8929443359375,2011-02-15,nan,53.617,-55.0,SI-05,28
2225.077880859375,2011-02-15,nan,53.617,-55.0,SI-05,28
2533.3359375,2011-02-15,nan,53.617,-55.0,SI-05,28
2865.702880859375,2011-02-15,nan,53.617,-55.0,SI-05,28
3220.820068359375,2011-02-15,nan,53.617,-55.0,SI-05,28
3597.031982421875,2011-02-15,nan,53.617,-55.0,SI-05,28
3992.48388671875,2011-02-15,nan,53.617,-55.0,SI-05,28
4405.22412109375,2011-02-15,nan,53.617,-55.0,SI-05,28
4833.291015625,2011-02-15,nan,53.617,-55.0,SI-05,28
5274.7841796875,2011-02-15,nan,53.617,-55.0,SI-05,28
5727.9169921875,2011-02-15,nan,53.617,-55.0,SI-05,28
0.49402499198913574,2011-02-15,-0.7008990651829833,53.757,-54.777,SI-06,28
1.5413750410079956,2011-02-15,-0.6987633239342708,53.757,-54.777,SI-06,28
2.6456689834594727,2011-02-15,-0.6972984801842707,53.757,-54.777,SI-06,28
3.8194949626922607,2011-02-15,-0.695833584522286,53.757,-54.777,SI-06,28
5.078224182128906,2011-02-15,-0.694368740772286,53.757,-54.777,SI-06,28
6.440614223480225,2011-02-15,-0.6922329995235735,53.757,-54.777,SI-06,28
7.92956018447876,2011-02-15,-0.6907675896951713,53.757,-54.777,SI-06,28
9.572997093200684,2011-02-15,-0.6886107331938692,53.757,-54.777,SI-06,28
11.404999732971191,2011-02-15,-0.6855251959637081,53.757,-54.777,SI-06,28
13.467140197753906,2011-02-15,-0.6810363393598345,53.757,-54.777,SI-06,28
15.810070037841797,2011-02-15,-0.6744533316814469,53.757,-54.777,SI-06,28
18.495559692382812,2011-02-15,-0.6637634804324078,53.757,-54.777,SI-06,28
21.598819732666016,2011-02-15,-0.6463364935448407,53.757,-54.777,SI-06,28
25.211410522460938,2011-02-15,-0.6184299752398481,53.757,-54.777,SI-06,28
29.444730758666992,2011-02-15,-0.5708101940935612,53.757,-54.777,SI-06,28
34.43415069580078,2011-02-15,-0.4902594788590894,53.757,-54.777,SI-06,28
40.344051361083984,2011-02-15,-0.35328604190268875,53.757,-54.777,SI-06,28
47.37369155883789,2011-02-15,-0.1295338122974925,53.757,-54.777,SI-06,28
55.76428985595703,2011-02-15,0.30452599900308114,53.757,-54.777,SI-06,28
65.80726623535156,2011-02-15,0.9581819150679278,53.757,-54.777,SI-06,28
77.85385131835938,2011-02-15,1.4838550029754685,53.757,-54.777,SI-06,28
92.3260726928711,2011-02-15,1.9763605221801015,53.757,-54.777,SI-06,28
109.72930145263672,2011-02-15,2.4284386690224684,53.757,-54.777,SI-06,28
130.66600036621094,2011-02-15,2.696100254188427,53.757,-54.777,SI-06,28
155.85069274902344,2011-02-15,nan,53.757,-54.777,SI-06,28
186.12559509277344,2011-02-15,nan,53.757,-54.777,SI-06,28
222.47520446777344,2011-02-15,nan,53.757,-54.777,SI-06,28
266.0403137207031,2011-02-15,nan,53.757,-54.777,SI-06,28
318.1274108886719,2011-02-15,nan,53.757,-54.777,SI-06,28
380.2130126953125,2011-02-15,nan,53.757,-54.777,SI-06,28
453.9377136230469,2011-02-15,nan,53.757,-54.777,SI-06,28
541.0889282226562,2011-02-15,nan,53.757,-54.777,SI-06,28
643.5667724609375,2011-02-15,nan,53.757,-54.777,SI-06,28
763.3331298828125,2011-02-15,nan,53.757,-54.777,SI-06,28
902.3392944335938,2011-02-15,nan,53.757,-54.777,SI-06,28
1062.43994140625,2011-02-15,nan,53.757,-54.777,SI-06,28
1245.291015625,2011-02-15,nan,53.757,-54.777,SI-06,28
1452.2509765625,2011-02-15,nan,53.757,-54.777,SI-06,28
1684.2840576171875,2011-02-15,nan,53.757,-54.777,SI-06,28
1941.8929443359375,2011-02-15,nan,53.757,-54.777,SI-06,28
2225.077880859375,2011-02-15,nan,53.757,-54.777,SI-06,28
2533.3359375,2011-02-15,nan,53.757,-54.777,SI-06,28
2865.702880859375,2011-02-15,nan,53.757,-54.777,SI-06,28
3220.820068359375,2011-02-15,nan,53.757,-54.777,SI-06,28
3597.031982421875,2011-02-15,nan,53.757,-54.777,SI-06,28
3992.48388671875,2011-02-15,nan,53.757,-54.777,SI-06,28
4405.22412109375,2011-02-15,nan,53.757,-54.777,SI-06,28
4833.291015625,2011-02-15,nan,53.757,-54.777,SI-06,28
5274.7841796875,2011-02-15,nan,53.757,-54.777,SI-06,28
5727.9169921875,2011-02-15,nan,53.757,-54.777,SI-06,28
0.49402499198913574,2011-02-15,-0.5104567756036406,53.917,-54.5,SI-07,28
1.5413750410079956,2011-02-15,-0.5097214351724778,53.917,-54.5,SI-07,28
2.6456689834594727,2011-02-15,-0.5082595099786404,53.917,-54.5,SI-07,28
3.8194949626922607,2011-02-15,-0.5082565914224777,53.917,-54.5,SI-07,28
5.078224182128906,2011-02-15,-0.507521250991315,53.917,-54.5,SI-07,28
6.440614223480225,2011-02-15,-0.5060593257974777,53.917,-54.5,SI-07,28
7.92956018447876,2011-02-15,-0.505323985366315,53.917,-54.5,SI-07,28
9.572997093200684,2011-02-15,-0.5038562230601522,53.917,-54.5,SI-07,28
11.404999732971191,2011-02-15,-0.5016589574351522,53.917,-54.5,SI-07,28
13.467140197753906,2011-02-15,-0.4994616918101522,53.917,-54.5,SI-07,28
15.810070037841797,2011-02-15,-0.4972615076289895,53.917,-54.5,SI-07,28
18.495559692382812,2011-02-15,-0.49286697637898946,53.917,-54.5,SI-07,28
21.598819732666016,2011-02-15,-0.4869988457105012,53.917,-54.5,SI-07,28
25.211410522460938,2011-02-15,-0.47600668047317574,53.917,-54.5,SI-07,28
29.444730758666992,2011-02-15,-0.4569559672622174,53.917,-54.5,SI-07,28
34.43415069580078,2011-02-15,-0.4225467319180312,53.917,-54.5,SI-07,28
40.344051361083984,2011-02-15,-0.36177715739370037,53.917,-54.5,SI-07,28
47.37369155883789,2011-02-15,-0.230596863167366,53.917,-54.5,SI-07,28
55.76428985595703,2011-02-15,0.15597179152754292,53.917,-54.5,SI-07,28
65.80726623535156,2011-02-15,0.9932657029193608,53.917,-54.5,SI-07,28
77.85385131835938,2011-02-15,1.510703369938313,53.917,-54.5,SI-07,28
92.3260726928711,2011-02-15,1.901892311116097,53.917,-54.5,SI-07,28
109.72930145263672,2011-02-15,2.299027165170827,53.917,-54.5,SI-07,28
130.66600036621094,2011-02-15,2.7115293046276796,53.917,-54.5,SI-07,28
155.85069274902344,2011-02-15,3.1703412760519125,53.917,-54.5,SI-07,28
186.12559509277344,2011-02-15,nan,53.917,-54.5,SI-07,28
222.47520446777344,2011-02-15,nan,53.917,-54.5,SI-07,28
266.0403137207031,2011-02-15,nan,53.917,-54.5,SI-07,28
318.1274108886719,2011-02-15,nan,53.917,-54.5,SI-07,28
380.2130126953125,2011-02-15,nan,53.917,-54.5,SI-07,28
453.9377136230469,2011-02-15,nan,53.917,-54.5,SI-07,28
541.0889282226562,2011-02-15,nan,53.917,-54.5,SI-07,28
643.5667724609375,2011-02-15,nan,53.917,-54.5,SI-07,28
763.3331298828125,2011-02-15,nan,53.917,-54.5,SI-07,28
902.3392944335938,2011-02-15,nan,53.917,-54.5,SI-07,28
1062.43994140625,2011-02-15,nan,53.917,-54.5,SI-07,28
1245.291015625,2011-02-15,nan,53.917,-54.5,SI-07,28
1452.2509765625,2011-02-15,nan,53.917,-54.5,SI-07,28
1684.2840576171875,2011-02-15,nan,53.917,-54.5,SI-07,28
1941.8929443359375,2011-02-15,nan,53.917,-54.5,SI-07,28
2225.077880859375,2011-02-15,nan,53.917,-54.5,SI-07,28
2533.3359375,2011-02-15,nan,53.917,-54.5,SI-07,28
2865.702880859375,2011-02-15,nan,53.917,-54.5,SI-07,28
3220.820068359375,2011-02-15,nan,53.917,-54.5,SI-07,28
3597.031982421875,2011-02-15,nan,53.917,-54.5,SI-07,28
3992.48388671875,2011-02-15,nan,53.917,-54.5,SI-07,28
4405.22412109375,2011-02-15,nan,53.917,-54.5,SI-07,28
4833.291015625,2011-02-15,nan,53.917,-54.5,SI-07,28
5274.7841796875,2011-02-15,nan,53.917,-54.5,SI-07,28
5727.9169921875,2011-02-15,nan,53.917,-54.5,SI-07,28
0.49402499198913574,2011-02-15,-0.38885265274655856,54.082,-54.217,SI-08,28
1.5413750410079956,2011-02-15,-0.38782775231225886,54.082,-54.217,SI-08,28
2.6456689834594727,2011-02-15,-0.38665538712155856,54.082,-54.217,SI-08,28
3.8194949626922607,2011-02-15,-0.3856329217583462,54.082,-54.217,SI-08,28
5.078224182128906,2011-02-15,-0.38445812149655856,54.082,-54.217,SI-08,28
6.440614223480225,2011-02-15,-0.3827078705991901,54.082,-54.217,SI-08,28
7.92956018447876,2011-02-15,-0.3805106049741901,54.082,-54.217,SI-08,28
9.572997093200684,2011-02-15,-0.3780232958609777,54.082,-54.217,SI-08,28
11.404999732971191,2011-02-15,-0.3736404723637529,54.082,-54.217,SI-08,28
13.467140197753906,2011-02-15,-0.3679440064031896,54.082,-54.217,SI-08,28
15.810070037841797,2011-02-15,-0.36005140842954003,54.082,-54.217,SI-08,28
18.495559692382812,2011-02-15,-0.34838703226384327,54.082,-54.217,SI-08,28
21.598819732666016,2011-02-15,-0.3308930184265177,54.082,-54.217,SI-08,28
25.211410522460938,2011-02-15,-0.30520541703746973,54.082,-54.217,SI-08,28
29.444730758666992,2011-02-15,-0.26710036158332523,54.082,-54.217,SI-08,28
34.43415069580078,2011-02-15,-0.20754281126449106,54.082,-54.217,SI-08,28
40.344051361083984,2011-02-15,-0.10341749084269057,54.082,-54.217,SI-08,28
47.37369155883789,2011-02-15,0.11724797894941393,54.082,-54.217,SI-08,28
55.76428985595703,2011-02-15,0.5921972275885244,54.082,-54.217,SI-08,28
65.80726623535156,2011-02-15,1.2536905751304563,54.082,-54.217,SI-08,28
77.85385131835938,2011-02-15,1.6380022287587952,54.082,-54.217,SI-08,28
92.3260726928711,2011-02-15,1.9974663062374056,54.082,-54.217,SI-08,28
109.72930145263672,2011-02-15,2.435404467575909,54.082,-54.217,SI-08,28
130.66600036621094,2011-02-15,2.890191157371315,54.082,-54.217,SI-08,28
155.85069274902344,2011-02-15,3.4786569110075707,54.082,-54.217,SI-08,28
186.12559509277344,2011-02-15,nan,54.082,-54.217,SI-08,28
222.47520446777344,2011-02-15,nan,54.082,-54.217,SI-08,28
266.0403137207031,2011-02-15,nan,54.082,-54.217,SI-08,28
318.1274108886719,2011-02-15,nan,54.082,-54.217,SI-08,28
380.2130126953125,2011-02-15,nan,54.082,-54.217,SI-08,28
453.9377136230469,2011-02-15,nan,54.082,-54.217,SI-08,28
541.0889282226562,2011-02-15,nan,54.082,-54.217,SI-08,28
643.5667724609375,2011-02-15,nan,54.082,-54.217,SI-08,28
763.3331298828125,2011-02-15,nan,54.082,-54.217,SI-08,28
902.3392944335938,2011-02-15,nan,54.082,-54.217,SI-08,28
1062.43994140625,2011-02-15,nan,54.082,-54.217,SI-08,28
1245.291015625,2011-02-15,nan,54.082,-54.217,SI-08,28
1452.2509765625,2011-02-15,nan,54.082,-54.217,SI-08,28
1684.2840576171875,2011-02-15,nan,54.082,-54.217,SI-08,28
1941.8929443359375,2011-02-15,nan,54.082,-54.217,SI-08,28
2225.077880859375,2011-02-15,nan,54.082,-54.217,SI-08,28
2533.3359375,2011-02-15,nan,54.082,-54.217,SI-08,28
2865.702880859375,2011-02-15,nan,54.082,-54.217,SI-08,28
3220.820068359375,2011-02-15,nan,54.082,-54.217,SI-08,28
3597.031982421875,2011-02-15,nan,54.082,-54.217,SI-08,28
3992.48388671875,2011-02-15,nan,54.082,-54.217,SI-08,28
4405.22412109375,2011-02-15,nan,54.082,-54.217,SI-08,28
4833.291015625,2011-02-15,nan,54.082,-54.217,SI-08,28
5274.7841796875,2011-02-15,nan,54.082,-54.217,SI-08,28
5727.9169921875,2011-02-15,nan,54.082,-54.217,SI-08,28
0.49402499198913574,2011-02-15,-0.019830436261247145,54.2,-54.0,SI-09,28
1.5413750410079956,2011-02-15,-0.018805052341871978,54.2,-54.0,SI-09,28
2.6456689834594727,2011-02-15,-0.018072630466871978,54.2,-54.0,SI-09,28
3.8194949626922607,2011-02-15,-0.016607786716871978,54.2,-54.0,SI-09,28
5.078224182128906,2011-02-15,-0.014703483136247145,54.2,-54.0,SI-09,28
6.440614223480225,2011-02-15,-0.012066757680622313,54.2,-54.0,SI-09,28
7.92956018447876,2011-02-15,-0.008844108136247144,54.2,-54.0,SI-09,28
9.572997093200684,2011-02-15,-0.004156614841871976,54.2,-54.0,SI-09,28
11.404999732971191,2011-02-15,0.0022886842468783607,54.2,-54.0,SI-09,28
13.467140197753906,2011-02-15,0.012396059182504537,54.2,-54.0,SI-09,28
15.810070037841797,2011-02-15,0.028802998342621948,54.2,-54.0,SI-09,28
18.495559692382812,2011-02-15,0.05458530559614139,54.2,-54.0,SI-09,28
21.598819732666016,2011-02-15,0.09311139879250846,54.2,-54.0,SI-09,28
25.211410522460938,2011-02-15,0.14819137749614264,54.2,-54.0,SI-09,28
29.444730758666992,2011-02-15,0.2255370080222761,54.2,-54.0,SI-09,28
34.43415069580078,2011-02-15,0.3311561040339156,54.2,-54.0,SI-09,28
40.344051361083984,2011-02-15,0.46856230271493016,54.2,-54.0,SI-09,28
47.37369155883789,2011-02-15,0.6427378996964548,54.2,-54.0,SI-09,28
55.76428985595703,2011-02-15,0.9094933211522425,54.2,-54.0,SI-09,28
65.80726623535156,2011-02-15,1.3425145655601702,54.2,-54.0,SI-09,28
77.85385131835938,2011-02-15,1.8052724718550992,54.2,-54.0,SI-09,28
92.3260726928711,2011-02-15,2.212218996110405,54.2,-54.0,SI-09,28
109.72930145263672,2011-02-15,2.662819979338713,54.2,-54.0,SI-09,28
130.66600036621094,2011-02-15,3.1003818921983894,54.2,-54.0,SI-09,28
155.85069274902344,2011-02-15,3.5851143032605686,54.2,-54.0,SI-09,28
186.12559509277344,2011-02-15,4.099143119929009,54.2,-54.0,SI-09,28
222.47520446777344,2011-02-15,nan,54.2,-54.0,SI-09,28
266.0403137207031,2011-02-15,nan,54.2,-54.0,SI-09,28
318.1274108886719,2011-02-15,nan,54.2,-54.0,SI-09,28
380.2130126953125,2011-02-15,nan,54.2,-54.0,SI-09,28
453.9377136230469,2011-02-15,nan,54.2,-54.0,SI-09,28
541.0889282226562,2011-02-15,nan,54.2,-54.0,SI-09,28
643.5667724609375,2011-02-15,nan,54.2,-54.0,SI-09,28
763.3331298828125,2011-02-15,nan,54.2,-54.0,SI-09,28
902.3392944335938,2011-02-15,nan,54.2,-54.0,SI-09,28
1062.43994140625,2011-02-15,nan,54.2,-54.0,SI-09,28
1245.291015625,2011-02-15,nan,54.2,-54.0,SI-09,28
1452.2509765625,2011-02-15,nan,54.2,-54.0,SI-09,28
1684.2840576171875,2011-02-15,nan,54.2,-54.0,SI-09,28
1941.8929443359375,2011-02-15,nan,54.2,-54.0,SI-09,28
2225.077880859375,2011-02-15,nan,54.2,-54.0,SI-09,28
2533.3359375,2011-02-15,nan,54.2,-54.0,SI-09,28
2865.702880859375,2011-02-15,nan,54.2,-54.0,SI-09,28
3220.820068359375,2011-02-15,nan,54.2,-54.0,SI-09,28
3597.031982421875,2011-02-15,nan,54.2,-54.0,SI-09,28
3992.48388671875,2011-02-15,nan,54.2,-54.0,SI-09,28
4405.22412109375,2011-02-15,nan,54.2,-54.0,SI-09,28
4833.291015625,2011-02-15,nan,54.2,-54.0,SI-09,28
5274.7841796875,2011-02-15,nan,54.2,-54.0,SI-09,28
5727.9169921875,2011-02-15,nan,54.2,-54.0,SI-09,28
0.49402499198913574,2011-02-15,0.5468257143252911,54.355,-53.733000000000004,SI-10,28
1.5413750410079956,2011-02-15,0.5479895560244763,54.355,-53.733000000000004,SI-10,28
2.6456689834594727,2011-02-15,0.5487936955551851,54.355,-53.733000000000004,SI-10,28
3.8194949626922607,2011-02-15,0.5499575372543701,54.355,-53.733000000000004,SI-10,28
5.078224182128906,2011-02-15,0.5516845337118332,54.355,-53.733000000000004,SI-10,28
6.440614223480225,2011-02-15,0.5562057722403637,54.355,-53.733000000000004,SI-10,28
7.92956018447876,2011-02-15,0.5632450280488536,54.355,-53.733000000000004,SI-10,28
9.572997093200684,2011-02-15,0.573401314636834,54.355,-53.733000000000004,SI-10,28
11.404999732971191,2011-02-15,0.5862766081443016,54.355,-53.733000000000004,SI-10,28
13.467140197753906,2011-02-15,0.6043930025658386,54.355,-53.733000000000004,SI-10,28
15.810070037841797,2011-02-15,0.630266055188197,54.355,-53.733000000000004,SI-10,28
18.495559692382812,2011-02-15,0.6688361036740208,54.355,-53.733000000000004,SI-10,28
21.598819732666016,2011-02-15,0.7213754364910695,54.355,-53.733000000000004,SI-10,28
25.211410522460938,2011-02-15,0.7864909049924689,54.355,-53.733000000000004,SI-10,28
29.444730758666992,2011-02-15,0.8703150496815318,54.355,-53.733000000000004,SI-10,28
34.43415069580078,2011-02-15,0.9835339064209616,54.355,-53.733000000000004,SI-10,28
40.344051361083984,2011-02-15,1.1285683245666653,54.355,-53.733000000000004,SI-10,28
47.37369155883789,2011-02-15,1.2786064856201835,54.355,-53.733000000000004,SI-10,28
55.76428985595703,2011-02-15,1.4469580953301495,54.355,-53.733000000000004,SI-10,28
65.80726623535156,2011-02-15,1.6034738110427953,54.355,-53.733000000000004,SI-10,28
77.85385131835938,2011-02-15,1.8278640118562746,54.355,-53.733000000000004,SI-10,28
92.3260726928711,2011-02-15,2.12675885931855,54.355,-53.733000000000004,SI-10,28
109.72930145263672,2011-02-15,2.4507208261205378,54.355,-53.733000000000004,SI-10,28
130.66600036621094,2011-02-15,2.7839884120304723,54.355,-53.733000000000004,SI-10,28
155.85069274902344,2011-02-15,3.198455898874686,54.355,-53.733000000000004,SI-10,28
186.12559509277344,2011-02-15,3.720906921976807,54.355,-53.733000000000004,SI-10,28
222.47520446777344,2011-02-15,4.276958509256721,54.355,-53.733000000000004,SI-10,28
266.0403137207031,2011-02-15,nan,54.355,-53.733000000000004,SI-10,28
318.1274108886719,2011-02-15,nan,54.355,-53.733000000000004,SI-10,28
380.2130126953125,2011-02-15,nan,54.355,-53.733000000000004,SI-10,28
453.9377136230469,2011-02-15,nan,54.355,-53.733000000000004,SI-10,28
541.0889282226562,2011-02-15,nan,54.355,-53.733000000000004,SI-10,28
643.5667724609375,2011-02-15,nan,54.355,-53.733000000000004,SI-10,28
763.3331298828125,2011-02-15,nan,54.355,-53.733000000000004,SI-10,28
902.3392944335938,2011-02-15,nan,54.355,-53.733000000000004,SI-10,28
1062.43994140625,2011-02-15,nan,54.355,-53.733000000000004,SI-10,28
1245.291015625,2011-02-15,nan,54.355,-53.733000000000004,SI-10,28
1452.2509765625,2011-02-15,nan,54.355,-53.733000000000004,SI-10,28
1684.2840576171875,2011-02-15,nan,54.355,-53.733000000000004,SI-10,28
1941.8929443359375,2011-02-15,nan,54.355,-53.733000000000004,SI-10,28
2225.077880859375,2011-02-15,nan,54.355,-53.733000000000004,SI-10,28
2533.3359375,2011-02-15,nan,54.355,-53.733000000000004,SI-10,28
2865.702880859375,2011-02-15,nan,54.355,-53.733000000000004,SI-10,28
3220.820068359375,2011-02-15,nan,54.355,-53.733000000000004,SI-10,28
3597.031982421875,2011-02-15,nan,54.355,-53.733000000000004,SI-10,28
3992.48388671875,2011-02-15,nan,54.355,-53.733000000000004,SI-10,28
4405.22412109375,2011-02-15,nan,54.355,-53.733000000000004,SI-10,28
4833.291015625,2011-02-15,nan,54.355,-53.733000000000004,SI-10,28
5274.7841796875,2011-02-15,nan,54.355,-53.733000000000004,SI-10,28
5727.9169921875,2011-02-15,nan,54.355,-53.733000000000004,SI-10,28
0.49402499198913574,2011-02-15,1.9183635711669922,54.5,-53.5,SI-11,28
1.5413750410079956,2011-02-15,1.9190959930419922,54.5,-53.5,SI-11,28
2.6456689834594727,2011-02-15,1.9190959930419922,54.5,-53.5,SI-11,28
3.8194949626922607,2011-02-15,1.9198284149169922,54.5,-53.5,SI-11,28
5.078224182128906,2011-02-15,1.9198284149169922,54.5,-53.5,SI-11,28
6.440614223480225,2011-02-15,1.9198284149169922,54.5,-53.5,SI-11,28
7.92956018447876,2011-02-15,1.9205608367919922,54.5,-53.5,SI-11,28
9.572997093200684,2011-02-15,1.9205608367919922,54.5,-53.5,SI-11,28
11.404999732971191,2011-02-15,1.9212932586669922,54.5,-53.5,SI-11,28
13.467140197753906,2011-02-15,1.9212932586669922,54.5,-53.5,SI-11,28
15.810070037841797,2011-02-15,1.9220256805419922,54.5,-53.5,SI-11,28
18.495559692382812,2011-02-15,1.9227581024169922,54.5,-53.5,SI-11,28
21.598819732666016,2011-02-15,1.9242229461669922,54.5,-53.5,SI-11,28
25.211410522460938,2011-02-15,1.9264202117919922,54.5,-53.5,SI-11,28
29.444730758666992,2011-02-15,1.9293498992919922,54.5,-53.5,SI-11,28
34.43415069580078,2011-02-15,1.9330120086669922,54.5,-53.5,SI-11,28
40.344051361083984,2011-02-15,1.9388713836669922,54.5,-53.5,SI-11,28
47.37369155883789,2011-02-15,1.9491252899169922,54.5,-53.5,SI-11,28
55.76428985595703,2011-02-15,1.979156494140625,54.5,-53.5,SI-11,28
65.80726623535156,2011-02-15,2.023101806640625,54.5,-53.5,SI-11,28
77.85385131835938,2011-02-15,2.089754104614258,54.5,-53.5,SI-11,28
92.3260726928711,2011-02-15,2.2150020599365234,54.5,-53.5,SI-11,28
109.72930145263672,2011-02-15,2.319009780883789,54.5,-53.5,SI-11,28
130.66600036621094,2011-02-15,2.5131072998046875,54.5,-53.5,SI-11,28
155.85069274902344,2011-02-15,2.8822593688964844,54.5,-53.5,SI-11,28
186.12559509277344,2011-02-15,3.2045345306396484,54.5,-53.5,SI-11,28
222.47520446777344,2011-02-15,3.931852340698242,54.5,-53.5,SI-11,28
266.0403137207031,2011-02-15,4.360332489013672,54.5,-53.5,SI-11,28
318.1274108886719,2011-02-15,nan,54.5,-53.5,SI-11,28
380.2130126953125,2011-02-15,nan,54.5,-53.5,SI-11,28
453.9377136230469,2011-02-15,nan,54.5,-53.5,SI-11,28
541.0889282226562,2011-02-15,nan,54.5,-53.5,SI-11,28
643.5667724609375,2011-02-15,nan,54.5,-53.5,SI-11,28
763.3331298828125,2011-02-15,nan,54.5,-53.5,SI-11,28
902.3392944335938,2011-02-15,nan,54.5,-53.5,SI-11,28
1062.43994140625,2011-02-15,nan,54.5,-53.5,SI-11,28
1245.291015625,2011-02-15,nan,54.5,-53.5,SI-11,28
1452.2509765625,2011-02-15,nan,54.5,-53.5,SI-11,28
1684.2840576171875,2011-02-15,nan,54.5,-53.5,SI-11,28
1941.8929443359375,2011-02-15,nan,54.5,-53.5,SI-11,28
2225.077880859375,2011-02-15,nan,54.5,-53.5,SI-11,28
2533.3359375,2011-02-15,nan,54.5,-53.5,SI-11,28
2865.702880859375,2011-02-15,nan,54.5,-53.5,SI-11,28
3220.820068359375,2011-02-15,nan,54.5,-53.5,SI-11,28
3597.031982421875,2011-02-15,nan,54.5,-53.5,SI-11,28
3992.48388671875,2011-02-15,nan,54.5,-53.5,SI-11,28
4405.22412109375,2011-02-15,nan,54.5,-53.5,SI-11,28
4833.291015625,2011-02-15,nan,54.5,-53.5,SI-11,28
5274.7841796875,2011-02-15,nan,54.5,-53.5,SI-11,28
5727.9169921875,2011-02-15,nan,54.5,-53.5,SI-11,28
0.49402499198913574,2011-02-15,2.266528505083125,54.633,-53.25,SI-12,28
1.5413750410079956,2011-02-15,2.267260926958125,54.633,-53.25,SI-12,28
2.6456689834594727,2011-02-15,2.267260926958125,54.633,-53.25,SI-12,28
3.8194949626922607,2011-02-15,2.2675575981157623,54.633,-53.25,SI-12,28
5.078224182128906,2011-02-15,2.2675575981157623,54.633,-53.25,SI-12,28
6.440614223480225,2011-02-15,2.267994119407561,54.633,-53.25,SI-12,28
7.92956018447876,2011-02-15,2.267994119407561,54.633,-53.25,SI-12,28
9.572997093200684,2011-02-15,2.2682900199907627,54.633,-53.25,SI-12,28
11.404999732971191,2011-02-15,2.2682900199907627,54.633,-53.25,SI-12,28
13.467140197753906,2011-02-15,2.2682900199907627,54.633,-53.25,SI-12,28
15.810070037841797,2011-02-15,2.2690224418657623,54.633,-53.25,SI-12,28
18.495559692382812,2011-02-15,2.2690224418657623,54.633,-53.25,SI-12,28
21.598819732666016,2011-02-15,2.2697548637407623,54.633,-53.25,SI-12,28
25.211410522460938,2011-02-15,2.2704872856157623,54.633,-53.25,SI-12,28
29.444730758666992,2011-02-15,2.2726845512407623,54.633,-53.25,SI-12,28
34.43415069580078,2011-02-15,2.2748818168657623,54.633,-53.25,SI-12,28
40.344051361083984,2011-02-15,2.2785439262407623,54.633,-53.25,SI-12,28
47.37369155883789,2011-02-15,2.284699201823964,54.633,-53.25,SI-12,28
55.76428985595703,2011-02-15,2.295108387948569,54.633,-53.25,SI-12,28
65.80726623535156,2011-02-15,2.313856592889565,54.633,-53.25,SI-12,28
77.85385131835938,2011-02-15,2.3607030451319835,54.633,-53.25,SI-12,28
92.3260726928711,2011-02-15,2.4262830431493887,54.633,-53.25,SI-12,28
109.72930145263672,2011-02-15,2.5307791805265625,54.633,-53.25,SI-12,28
130.66600036621094,2011-02-15,2.7640981981793864,54.633,-53.25,SI-12,28
155.85069274902344,2011-02-15,3.1703996913462613,54.633,-53.25,SI-12,28
186.12559509277344,2011-02-15,3.6300205798136522,54.633,-53.25,SI-12,28
222.47520446777344,2011-02-15,4.078440257068872,54.633,-53.25,SI-12,28
266.0403137207031,2011-02-15,4.255999549151188,54.633,-53.25,SI-12,28
318.1274108886719,2011-02-15,4.276706619023818,54.633,-53.25,SI-12,28
380.2130126953125,2011-02-15,4.275493698358995,54.633,-53.25,SI-12,28
453.9377136230469,2011-02-15,4.281620792384376,54.633,-53.25,SI-12,28
541.0889282226562,2011-02-15,nan,54.633,-53.25,SI-12,28
643.5667724609375,2011-02-15,nan,54.633,-53.25,SI-12,28
763.3331298828125,2011-02-15,nan,54.633,-53.25,SI-12,28
902.3392944335938,2011-02-15,nan,54.633,-53.25,SI-12,28
1062.43994140625,2011-02-15,nan,54.633,-53.25,SI-12,28
1245.291015625,2011-02-15,nan,54.633,-53.25,SI-12,28
1452.2509765625,2011-02-15,nan,54.633,-53.25,SI-12,28
1684.2840576171875,2011-02-15,nan,54.633,-53.25,SI-12,28
1941.8929443359375,2011-02-15,nan,54.633,-53.25,SI-12,28
2225.077880859375,2011-02-15,nan,54.633,-53.25,SI-12,28
2533.3359375,2011-02-15,nan,54.633,-53.25,SI-12,28
2865.702880859375,2011-02-15,nan,54.633,-53.25,SI-12,28
3220.820068359375,2011-02-15,nan,54.633,-53.25,SI-12,28
3597.031982421875,2011-02-15,nan,54.633,-53.25,SI-12,28
3992.48388671875,2011-02-15,nan,54.633,-53.25,SI-12,28
4405.22412109375,2011-02-15,nan,54.633,-53.25,SI-12,28
4833.291015625,2011-02-15,nan,54.633,-53.25,SI-12,28
5274.7841796875,2011-02-15,nan,54.633,-53.25,SI-12,28
5727.9169921875,2011-02-15,nan,54.633,-53.25,SI-12,28
0.49402499198913574,2011-02-15,2.937601435874056,54.783,-53.0,SI-13,28
1.5413750410079956,2011-02-15,2.938333857749056,54.783,-53.0,SI-13,28
2.6456689834594727,2011-02-15,2.938333857749056,54.783,-53.0,SI-13,28
3.8194949626922607,2011-02-15,2.938333857749056,54.783,-53.0,SI-13,28
5.078224182128906,2011-02-15,2.938333857749056,54.783,-53.0,SI-13,28
6.440614223480225,2011-02-15,2.9387762361358436,54.783,-53.0,SI-13,28
7.92956018447876,2011-02-15,2.9387762361358436,54.783,-53.0,SI-13,28
9.572997093200684,2011-02-15,2.9387762361358436,54.783,-53.0,SI-13,28
11.404999732971191,2011-02-15,2.9387762361358436,54.783,-53.0,SI-13,28
13.467140197753906,2011-02-15,2.939066279624056,54.783,-53.0,SI-13,28
15.810070037841797,2011-02-15,2.939508658010843,54.783,-53.0,SI-13,28
18.495559692382812,2011-02-15,2.939508658010843,54.783,-53.0,SI-13,28
21.598819732666016,2011-02-15,2.9402410798858436,54.783,-53.0,SI-13,28
25.211410522460938,2011-02-15,2.941263545249056,54.783,-53.0,SI-13,28
29.444730758666992,2011-02-15,2.943308475975481,54.783,-53.0,SI-13,28
34.43415069580078,2011-02-15,2.948420802791543,54.783,-53.0,SI-13,28
40.344051361083984,2011-02-15,2.959392504607605,54.783,-53.0,SI-13,28
47.37369155883789,2011-02-15,2.979734507927141,54.783,-53.0,SI-13,28
55.76428985595703,2011-02-15,3.0078427116779993,54.783,-53.0,SI-13,28
65.80726623535156,2011-02-15,3.046952266568261,54.783,-53.0,SI-13,28
77.85385131835938,2011-02-15,3.101748105952256,54.783,-53.0,SI-13,28
92.3260726928711,2011-02-15,3.1847098990012777,54.783,-53.0,SI-13,28
109.72930145263672,2011-02-15,3.296144222861109,54.783,-53.0,SI-13,28
130.66600036621094,2011-02-15,3.4865089835528638,54.783,-53.0,SI-13,28
155.85069274902344,2011-02-15,3.7477686352751407,54.783,-53.0,SI-13,28
186.12559509277344,2011-02-15,3.9621228823524937,54.783,-53.0,SI-13,28
222.47520446777344,2011-02-15,4.122911716147379,54.783,-53.0,SI-13,28
266.0403137207031,2011-02-15,4.262720351116017,54.783,-53.0,SI-13,28
318.1274108886719,2011-02-15,4.313121659250013,54.783,-53.0,SI-13,28
380.2130126953125,2011-02-15,4.316631433726438,54.783,-53.0,SI-13,28
453.9377136230469,2011-02-15,4.308328628540039,54.783,-53.0,SI-13,28
541.0889282226562,2011-02-15,4.250597029846848,54.783,-53.0,SI-13,28
643.5667724609375,2011-02-15,4.135706516964197,54.783,-53.0,SI-13,28
763.3331298828125,2011-02-15,4.007985878837657,54.783,-53.0,SI-13,28
902.3392944335938,2011-02-15,nan,54.783,-53.0,SI-13,28
1062.43994140625,2011-02-15,nan,54.783,-53.0,SI-13,28
1245.291015625,2011-02-15,nan,54.783,-53.0,SI-13,28
1452.2509765625,2011-02-15,nan,54.783,-53.0,SI-13,28
1684.2840576171875,2011-02-15,nan,54.783,-53.0,SI-13,28
1941.8929443359375,2011-02-15,nan,54.783,-53.0,SI-13,28
2225.077880859375,2011-02-15,nan,54.783,-53.0,SI-13,28
2533.3359375,2011-02-15,nan,54.783,-53.0,SI-13,28
2865.702880859375,2011-02-15,nan,54.783,-53.0,SI-13,28
3220.820068359375,2011-02-15,nan,54.783,-53.0,SI-13,28
3597.031982421875,2011-02-15,nan,54.783,-53.0,SI-13,28
3992.48388671875,2011-02-15,nan,54.783,-53.0,SI-13,28
4405.22412109375,2011-02-15,nan,54.783,-53.0,SI-13,28
4833.291015625,2011-02-15,nan,54.783,-53.0,SI-13,28
5274.7841796875,2011-02-15,nan,54.783,-53.0,SI-13,28
5727.9169921875,2011-02-15,nan,54.783,-53.0,SI-13,28
0.49402499198913574,2011-02-15,2.9743870684944373,55.067,-52.5,SI-14,28
1.5413750410079956,2011-02-15,2.9743870684944373,55.067,-52.5,SI-14,28
2.6456689834594727,2011-02-15,2.9751194903694373,55.067,-52.5,SI-14,28
3.8194949626922607,2011-02-15,2.9751194903694373,55.067,-52.5,SI-14,28
5.078224182128906,2011-02-15,2.9751194903694373,55.067,-52.5,SI-14,28
6.440614223480225,2011-02-15,2.9751194903694373,55.067,-52.5,SI-14,28
7.92956018447876,2011-02-15,2.975851912244437,55.067,-52.5,SI-14,28
9.572997093200684,2011-02-15,2.975851912244437,55.067,-52.5,SI-14,28
11.404999732971191,2011-02-15,2.975851912244437,55.067,-52.5,SI-14,28
13.467140197753906,2011-02-15,2.975851912244437,55.067,-52.5,SI-14,28
15.810070037841797,2011-02-15,2.9759954579464,55.067,-52.5,SI-14,28
18.495559692382812,2011-02-15,2.9759954579464,55.067,-52.5,SI-14,28
21.598819732666016,2011-02-15,2.9767278798214,55.067,-52.5,SI-14,28
25.211410522460938,2011-02-15,2.977890938802288,55.067,-52.5,SI-14,28
29.444730758666992,2011-02-15,2.9796428739562133,55.067,-52.5,SI-14,28
34.43415069580078,2011-02-15,2.9831467442640642,55.067,-52.5,SI-14,28
40.344051361083984,2011-02-15,2.9889767325336907,55.067,-52.5,SI-14,28
47.37369155883789,2011-02-15,2.999488717274175,55.067,-52.5,SI-14,28
55.76428985595703,2011-02-15,3.021175815651951,55.067,-52.5,SI-14,28
65.80726623535156,2011-02-15,3.066099949285219,55.067,-52.5,SI-14,28
77.85385131835938,2011-02-15,3.1406001847874627,55.067,-52.5,SI-14,28
92.3260726928711,2011-02-15,3.2231551535660734,55.067,-52.5,SI-14,28
109.72930145263672,2011-02-15,3.378598954261995,55.067,-52.5,SI-14,28
130.66600036621094,2011-02-15,3.5632107776211397,55.067,-52.5,SI-14,28
155.85069274902344,2011-02-15,3.7328576853459863,55.067,-52.5,SI-14,28
186.12559509277344,2011-02-15,3.92493087107422,55.067,-52.5,SI-14,28
222.47520446777344,2011-02-15,4.245910733549817,55.067,-52.5,SI-14,28
266.0403137207031,2011-02-15,4.445011630408282,55.067,-52.5,SI-14,28
318.1274108886719,2011-02-15,4.370844099937224,55.067,-52.5,SI-14,28
380.2130126953125,2011-02-15,4.262254221942436,55.067,-52.5,SI-14,28
453.9377136230469,2011-02-15,4.126984066263252,55.067,-52.5,SI-14,28
541.0889282226562,2011-02-15,4.005858244152248,55.067,-52.5,SI-14,28
643.5667724609375,2011-02-15,3.9062612813518696,55.067,-52.5,SI-14,28
763.3331298828125,2011-02-15,3.771044977651829,55.067,-52.5,SI-14,28
902.3392944335938,2011-02-15,3.644100472686481,55.067,-52.5,SI-14,28
1062.43994140625,2011-02-15,3.5557479165015873,55.067,-52.5,SI-14,28
1245.291015625,2011-02-15,3.528963251729185,55.067,-52.5,SI-14,28
1452.2509765625,2011-02-15,3.500401812737156,55.067,-52.5,SI-14,28
1684.2840576171875,2011-02-15,3.303837644285489,55.067,-52.5,SI-14,28
1941.8929443359375,2011-02-15,3.0993016074500384,55.067,-52.5,SI-14,28
2225.077880859375,2011-02-15,2.9127065168608186,55.067,-52.5,SI-14,28
2533.3359375,2011-02-15,nan,55.067,-52.5,SI-14,28
2865.702880859375,2011-02-15,nan,55.067,-52.5,SI-14,28
3220.820068359375,2011-02-15,nan,55.067,-52.5,SI-14,28
3597.031982421875,2011-02-15,nan,55.067,-52.5,SI-14,28
3992.48388671875,2011-02-15,nan,55.067,-52.5,SI-14,28
4405.22412109375,2011-02-15,nan,55.067,-52.5,SI-14,28
4833.291015625,2011-02-15,nan,55.067,-52.5,SI-14,28
5274.7841796875,2011-02-15,nan,55.067,-52.5,SI-14,28
5727.9169921875,2011-02-15,nan,55.067,-52.5,SI-14,28
